case,station,model,mode,completed,epochs,exit_code,wall_seconds,ar_attempt_epochs,wl_passed_epochs,l1_passed_epochs,reported_newly_fixed_sum,held_integer_rank_peak,newly_fixed_epochs,rms_3d_m,final_enu_m,effective_search,general_rows_total,named_recovered_total,reference_difference_m,errors,alarms,trace,integer_factor_commits,integer_factor_rows,integer_factor_l1_rows,held_positive_epochs
r48u_20260914_DYNG_IF_float_fix1,DYNG,IF,float,True,55,0,11.675216228002682,0,0,0,0,0,0,0.8144683858467285,"[0.138028, 0.242021, 0.45892]",[],0,0,4.3041192689816266e-07,[],"{'DGEMV': 0, 'AUTHORITATIVE MEASUREMENT TRANSACTION REJECTED': 0, 'AUTHORITATIVE PREDICTION TRANSACTION REJECTED': 0}",/mnt/d/GINAN_R20/inputData/outputs/r48u_20260914_DYNG_IF_float_fix1/Network-r48u_20260914_DYNG_IF_float_fix1-202419900.TRACE,0,0,0,0
r48u_20260914_DYNG_IF_round_shadow_fix1,DYNG,IF,round_shadow,True,55,0,10.763948134961538,27,17,0,0,0,0,0.8144683858467285,"[0.138028, 0.242021, 0.45892]",['ROUND'],0,0,4.3041192689816266e-07,[],"{'DGEMV': 0, 'AUTHORITATIVE MEASUREMENT TRANSACTION REJECTED': 0, 'AUTHORITATIVE PREDICTION TRANSACTION REJECTED': 0}",/mnt/d/GINAN_R20/inputData/outputs/r48u_20260914_DYNG_IF_round_shadow_fix1/Network-r48u_20260914_DYNG_IF_round_shadow_fix1-202419900.TRACE,0,0,0,0
r48u_20260914_DYNG_IF_round_feedback_fix1,DYNG,IF,round_feedback,True,55,0,10.850357623072341,27,17,0,0,0,0,0.8144683858467285,"[0.138028, 0.242021, 0.45892]",['ROUND'],0,0,4.3041192689816266e-07,[],"{'DGEMV': 0, 'AUTHORITATIVE MEASUREMENT TRANSACTION REJECTED': 0, 'AUTHORITATIVE PREDICTION TRANSACTION REJECTED': 0}",/mnt/d/GINAN_R20/inputData/outputs/r48u_20260914_DYNG_IF_round_feedback_fix1/Network-r48u_20260914_DYNG_IF_round_feedback_fix1-202419900.TRACE,0,0,0,0
r48u_20260914_DYNG_IF_ils_shadow_fix1,DYNG,IF,ils_shadow,True,55,0,10.828548723948188,27,15,0,0,0,0,0.8144683858467285,"[0.138028, 0.242021, 0.45892]",['LAMBDA_ALT'],29,29,4.3041192689816266e-07,[],"{'DGEMV': 0, 'AUTHORITATIVE MEASUREMENT TRANSACTION REJECTED': 0, 'AUTHORITATIVE PREDICTION TRANSACTION REJECTED': 0}",/mnt/d/GINAN_R20/inputData/outputs/r48u_20260914_DYNG_IF_ils_shadow_fix1/Network-r48u_20260914_DYNG_IF_ils_shadow_fix1-202419900.TRACE,0,0,0,0
r48u_20260914_DYNG_IF_ils_feedback_fix1,DYNG,IF,ils_feedback,True,55,0,10.33466671698261,27,15,0,0,0,0,0.8144683858467285,"[0.138028, 0.242021, 0.45892]",['LAMBDA_ALT'],29,29,4.3041192689816266e-07,[],"{'DGEMV': 0, 'AUTHORITATIVE MEASUREMENT TRANSACTION REJECTED': 0, 'AUTHORITATIVE PREDICTION TRANSACTION REJECTED': 0}",/mnt/d/GINAN_R20/inputData/outputs/r48u_20260914_DYNG_IF_ils_feedback_fix1/Network-r48u_20260914_DYNG_IF_ils_feedback_fix1-202419900.TRACE,0,0,0,0
r48u_20260914_NICO_IF_float_fix1,NICO,IF,float,True,55,0,10.53453411301598,0,0,0,0,0,0,1.445754852131972,"[0.297246, -0.0548781, -0.18726]",[],0,0,4.055105116967148e-07,[],"{'DGEMV': 0, 'AUTHORITATIVE MEASUREMENT TRANSACTION REJECTED': 0, 'AUTHORITATIVE PREDICTION TRANSACTION REJECTED': 0}",/mnt/d/GINAN_R20/inputData/outputs/r48u_20260914_NICO_IF_float_fix1/Network-r48u_20260914_NICO_IF_float_fix1-202419900.TRACE,0,0,0,0
r48u_20260914_NICO_IF_round_shadow_fix1,NICO,IF,round_shadow,True,55,0,10.843819413916208,27,15,0,0,0,0,1.445754852131972,"[0.297246, -0.0548781, -0.18726]",['ROUND'],0,0,4.055105116967148e-07,[],"{'DGEMV': 0, 'AUTHORITATIVE MEASUREMENT TRANSACTION REJECTED': 0, 'AUTHORITATIVE PREDICTION TRANSACTION REJECTED': 0}",/mnt/d/GINAN_R20/inputData/outputs/r48u_20260914_NICO_IF_round_shadow_fix1/Network-r48u_20260914_NICO_IF_round_shadow_fix1-202419900.TRACE,0,0,0,0
r48u_20260914_NICO_IF_round_feedback_fix1,NICO,IF,round_feedback,True,55,0,10.817689282004721,27,15,0,0,0,0,1.445754852131972,"[0.297246, -0.0548781, -0.18726]",['ROUND'],0,0,4.055105116967148e-07,[],"{'DGEMV': 0, 'AUTHORITATIVE MEASUREMENT TRANSACTION REJECTED': 0, 'AUTHORITATIVE PREDICTION TRANSACTION REJECTED': 0}",/mnt/d/GINAN_R20/inputData/outputs/r48u_20260914_NICO_IF_round_feedback_fix1/Network-r48u_20260914_NICO_IF_round_feedback_fix1-202419900.TRACE,0,0,0,0
r48u_20260914_NICO_IF_ils_shadow_fix1,NICO,IF,ils_shadow,True,55,0,11.13009411294479,27,14,0,0,0,0,1.445754852131972,"[0.297246, -0.0548781, -0.18726]",['LAMBDA_ALT'],28,28,4.055105116967148e-07,[],"{'DGEMV': 0, 'AUTHORITATIVE MEASUREMENT TRANSACTION REJECTED': 0, 'AUTHORITATIVE PREDICTION TRANSACTION REJECTED': 0}",/mnt/d/GINAN_R20/inputData/outputs/r48u_20260914_NICO_IF_ils_shadow_fix1/Network-r48u_20260914_NICO_IF_ils_shadow_fix1-202419900.TRACE,0,0,0,0
r48u_20260914_NICO_IF_ils_feedback_fix1,NICO,IF,ils_feedback,True,55,0,10.884041589917615,27,14,0,0,0,0,1.445754852131972,"[0.297246, -0.0548781, -0.18726]",['LAMBDA_ALT'],28,28,4.055105116967148e-07,[],"{'DGEMV': 0, 'AUTHORITATIVE MEASUREMENT TRANSACTION REJECTED': 0, 'AUTHORITATIVE PREDICTION TRANSACTION REJECTED': 0}",/mnt/d/GINAN_R20/inputData/outputs/r48u_20260914_NICO_IF_ils_feedback_fix1/Network-r48u_20260914_NICO_IF_ils_feedback_fix1-202419900.TRACE,0,0,0,0
r48u_20260914_BREW_IF_float_fix1,BREW,IF,float,True,55,0,10.643162542954087,0,0,0,0,0,0,2.6357260057770264,"[0.0649174, -0.179526, -1.4716]",[],0,0,7.694108359351668e-07,[],"{'DGEMV': 0, 'AUTHORITATIVE MEASUREMENT TRANSACTION REJECTED': 0, 'AUTHORITATIVE PREDICTION TRANSACTION REJECTED': 0}",/mnt/d/GINAN_R20/inputData/outputs/r48u_20260914_BREW_IF_float_fix1/Network-r48u_20260914_BREW_IF_float_fix1-202419900.TRACE,0,0,0,0
r48u_20260914_BREW_IF_round_shadow_fix1,BREW,IF,round_shadow,True,55,0,10.758051367942244,41,0,0,0,0,0,2.6357260057770264,"[0.0649174, -0.179526, -1.4716]",['ROUND'],0,0,7.694108359351668e-07,[],"{'DGEMV': 0, 'AUTHORITATIVE MEASUREMENT TRANSACTION REJECTED': 0, 'AUTHORITATIVE PREDICTION TRANSACTION REJECTED': 0}",/mnt/d/GINAN_R20/inputData/outputs/r48u_20260914_BREW_IF_round_shadow_fix1/Network-r48u_20260914_BREW_IF_round_shadow_fix1-202419900.TRACE,0,0,0,0
r48u_20260914_BREW_IF_round_feedback_fix1,BREW,IF,round_feedback,True,55,0,10.849573794053867,41,0,0,0,0,0,2.6357260057770264,"[0.0649174, -0.179526, -1.4716]",['ROUND'],0,0,7.694108359351668e-07,[],"{'DGEMV': 0, 'AUTHORITATIVE MEASUREMENT TRANSACTION REJECTED': 0, 'AUTHORITATIVE PREDICTION TRANSACTION REJECTED': 0}",/mnt/d/GINAN_R20/inputData/outputs/r48u_20260914_BREW_IF_round_feedback_fix1/Network-r48u_20260914_BREW_IF_round_feedback_fix1-202419900.TRACE,0,0,0,0
r48u_20260914_BREW_IF_ils_shadow_fix1,BREW,IF,ils_shadow,True,55,0,11.453339410945773,41,3,0,0,0,0,2.6357260057770264,"[0.0649174, -0.179526, -1.4716]",['LAMBDA_ALT'],22,22,7.694108359351668e-07,[],"{'DGEMV': 0, 'AUTHORITATIVE MEASUREMENT TRANSACTION REJECTED': 0, 'AUTHORITATIVE PREDICTION TRANSACTION REJECTED': 0}",/mnt/d/GINAN_R20/inputData/outputs/r48u_20260914_BREW_IF_ils_shadow_fix1/Network-r48u_20260914_BREW_IF_ils_shadow_fix1-202419900.TRACE,0,0,0,0
r48u_20260914_BREW_IF_ils_feedback_fix1,BREW,IF,ils_feedback,True,55,0,11.50790441792924,41,3,0,0,0,0,2.6357260057770264,"[0.0649174, -0.179526, -1.4716]",['LAMBDA_ALT'],22,22,7.694108359351668e-07,[],"{'DGEMV': 0, 'AUTHORITATIVE MEASUREMENT TRANSACTION REJECTED': 0, 'AUTHORITATIVE PREDICTION TRANSACTION REJECTED': 0}",/mnt/d/GINAN_R20/inputData/outputs/r48u_20260914_BREW_IF_ils_feedback_fix1/Network-r48u_20260914_BREW_IF_ils_feedback_fix1-202419900.TRACE,0,0,0,0
r48u_20260914_MARS_IF_float_fix1,MARS,IF,float,True,55,0,11.565747691085562,0,0,0,0,0,0,6.440159130814884,"[-1.49591, -2.85783, -2.81348]",[],0,0,7.195290626139301e-07,[],"{'DGEMV': 0, 'AUTHORITATIVE MEASUREMENT TRANSACTION REJECTED': 0, 'AUTHORITATIVE PREDICTION TRANSACTION REJECTED': 0}",/mnt/d/GINAN_R20/inputData/outputs/r48u_20260914_MARS_IF_float_fix1/Network-r48u_20260914_MARS_IF_float_fix1-202419900.TRACE,0,0,0,0
r48u_20260914_MARS_IF_round_shadow_fix1,MARS,IF,round_shadow,True,55,0,11.516270912019536,27,15,0,0,0,0,6.440159130814884,"[-1.49591, -2.85783, -2.81348]",['ROUND'],0,0,7.195290626139301e-07,[],"{'DGEMV': 0, 'AUTHORITATIVE MEASUREMENT TRANSACTION REJECTED': 0, 'AUTHORITATIVE PREDICTION TRANSACTION REJECTED': 0}",/mnt/d/GINAN_R20/inputData/outputs/r48u_20260914_MARS_IF_round_shadow_fix1/Network-r48u_20260914_MARS_IF_round_shadow_fix1-202419900.TRACE,0,0,0,0
r48u_20260914_MARS_IF_round_feedback_fix1,MARS,IF,round_feedback,True,55,0,11.508149218047038,27,15,0,0,0,0,6.440159130814884,"[-1.49591, -2.85783, -2.81348]",['ROUND'],0,0,7.195290626139301e-07,[],"{'DGEMV': 0, 'AUTHORITATIVE MEASUREMENT TRANSACTION REJECTED': 0, 'AUTHORITATIVE PREDICTION TRANSACTION REJECTED': 0}",/mnt/d/GINAN_R20/inputData/outputs/r48u_20260914_MARS_IF_round_feedback_fix1/Network-r48u_20260914_MARS_IF_round_feedback_fix1-202419900.TRACE,0,0,0,0
r48u_20260914_MARS_IF_ils_shadow_fix1,MARS,IF,ils_shadow,True,55,0,11.479237973922864,27,15,0,0,0,0,6.440159130814884,"[-1.49591, -2.85783, -2.81348]",['LAMBDA_ALT'],40,40,7.195290626139301e-07,[],"{'DGEMV': 0, 'AUTHORITATIVE MEASUREMENT TRANSACTION REJECTED': 0, 'AUTHORITATIVE PREDICTION TRANSACTION REJECTED': 0}",/mnt/d/GINAN_R20/inputData/outputs/r48u_20260914_MARS_IF_ils_shadow_fix1/Network-r48u_20260914_MARS_IF_ils_shadow_fix1-202419900.TRACE,0,0,0,0
r48u_20260914_MARS_IF_ils_feedback_fix1,MARS,IF,ils_feedback,True,55,0,10.785237885080278,27,15,0,0,0,0,6.440159130814884,"[-1.49591, -2.85783, -2.81348]",['LAMBDA_ALT'],40,40,7.195290626139301e-07,[],"{'DGEMV': 0, 'AUTHORITATIVE MEASUREMENT TRANSACTION REJECTED': 0, 'AUTHORITATIVE PREDICTION TRANSACTION REJECTED': 0}",/mnt/d/GINAN_R20/inputData/outputs/r48u_20260914_MARS_IF_ils_feedback_fix1/Network-r48u_20260914_MARS_IF_ils_feedback_fix1-202419900.TRACE,0,0,0,0
r48u_20260914_JPLM_IF_float_fix1,JPLM,IF,float,True,55,0,10.614621444023214,0,0,0,0,0,0,1.7640057239493594,"[-0.214287, -0.142537, -2.61548]",[],0,0,6.082331478698632e-07,[],"{'DGEMV': 0, 'AUTHORITATIVE MEASUREMENT TRANSACTION REJECTED': 0, 'AUTHORITATIVE PREDICTION TRANSACTION REJECTED': 0}",/mnt/d/GINAN_R20/inputData/outputs/r48u_20260914_JPLM_IF_float_fix1/Network-r48u_20260914_JPLM_IF_float_fix1-202419900.TRACE,0,0,0,0
r48u_20260914_JPLM_IF_round_shadow_fix1,JPLM,IF,round_shadow,True,55,0,10.57232950697653,40,0,0,0,0,0,1.7640057239493594,"[-0.214287, -0.142537, -2.61548]",['ROUND'],0,0,6.082331478698632e-07,[],"{'DGEMV': 0, 'AUTHORITATIVE MEASUREMENT TRANSACTION REJECTED': 0, 'AUTHORITATIVE PREDICTION TRANSACTION REJECTED': 0}",/mnt/d/GINAN_R20/inputData/outputs/r48u_20260914_JPLM_IF_round_shadow_fix1/Network-r48u_20260914_JPLM_IF_round_shadow_fix1-202419900.TRACE,0,0,0,0
r48u_20260914_JPLM_IF_round_feedback_fix1,JPLM,IF,round_feedback,True,55,0,10.972957396996208,40,0,0,0,0,0,1.7640057239493594,"[-0.214287, -0.142537, -2.61548]",['ROUND'],0,0,6.082331478698632e-07,[],"{'DGEMV': 0, 'AUTHORITATIVE MEASUREMENT TRANSACTION REJECTED': 0, 'AUTHORITATIVE PREDICTION TRANSACTION REJECTED': 0}",/mnt/d/GINAN_R20/inputData/outputs/r48u_20260914_JPLM_IF_round_feedback_fix1/Network-r48u_20260914_JPLM_IF_round_feedback_fix1-202419900.TRACE,0,0,0,0
r48u_20260914_JPLM_IF_ils_shadow_fix1,JPLM,IF,ils_shadow,True,55,0,10.677959993015975,40,11,0,0,0,0,1.7640057239493594,"[-0.214287, -0.142537, -2.61548]",['LAMBDA_ALT'],24,24,6.082331478698632e-07,[],"{'DGEMV': 0, 'AUTHORITATIVE MEASUREMENT TRANSACTION REJECTED': 0, 'AUTHORITATIVE PREDICTION TRANSACTION REJECTED': 0}",/mnt/d/GINAN_R20/inputData/outputs/r48u_20260914_JPLM_IF_ils_shadow_fix1/Network-r48u_20260914_JPLM_IF_ils_shadow_fix1-202419900.TRACE,0,0,0,0
r48u_20260914_JPLM_IF_ils_feedback_fix1,JPLM,IF,ils_feedback,True,55,0,10.784984144032933,40,11,0,0,0,0,1.7640057239493594,"[-0.214287, -0.142537, -2.61548]",['LAMBDA_ALT'],24,24,6.082331478698632e-07,[],"{'DGEMV': 0, 'AUTHORITATIVE MEASUREMENT TRANSACTION REJECTED': 0, 'AUTHORITATIVE PREDICTION TRANSACTION REJECTED': 0}",/mnt/d/GINAN_R20/inputData/outputs/r48u_20260914_JPLM_IF_ils_feedback_fix1/Network-r48u_20260914_JPLM_IF_ils_feedback_fix1-202419900.TRACE,0,0,0,0
r48u_20260914_DYNG_UDUC_float_fix1,DYNG,UDUC,float,True,55,0,10.4630542419618,0,0,0,0,0,0,0.6426030521264907,"[0.0144822, -0.133583, 0.457074]",[],0,0,4.3041192689816266e-07,[],"{'DGEMV': 0, 'AUTHORITATIVE MEASUREMENT TRANSACTION REJECTED': 0, 'AUTHORITATIVE PREDICTION TRANSACTION REJECTED': 0}",/mnt/d/GINAN_R20/inputData/outputs/r48u_20260914_DYNG_UDUC_float_fix1/Network-r48u_20260914_DYNG_UDUC_float_fix1-202419900.TRACE,0,0,0,0
r48u_20260914_DYNG_UDUC_round_shadow_fix1,DYNG,UDUC,round_shadow,True,55,0,10.442670033080503,27,19,0,0,0,0,0.6426030521264907,"[0.0144822, -0.133583, 0.457074]",['ROUND'],0,0,4.3041192689816266e-07,[],"{'DGEMV': 0, 'AUTHORITATIVE MEASUREMENT TRANSACTION REJECTED': 0, 'AUTHORITATIVE PREDICTION TRANSACTION REJECTED': 0}",/mnt/d/GINAN_R20/inputData/outputs/r48u_20260914_DYNG_UDUC_round_shadow_fix1/Network-r48u_20260914_DYNG_UDUC_round_shadow_fix1-202419900.TRACE,0,0,0,0
r48u_20260914_DYNG_UDUC_round_feedback_fix1,DYNG,UDUC,round_feedback,True,55,0,10.396110416972078,27,1,0,12,3,4,0.6266824835860754,"[0.0206022, -0.129497, 0.434497]",['ROUND'],0,0,4.3041192689816266e-07,[],"{'DGEMV': 0, 'AUTHORITATIVE MEASUREMENT TRANSACTION REJECTED': 0, 'AUTHORITATIVE PREDICTION TRANSACTION REJECTED': 0}",/mnt/d/GINAN_R20/inputData/outputs/r48u_20260914_DYNG_UDUC_round_feedback_fix1/Network-r48u_20260914_DYNG_UDUC_round_feedback_fix1-202419900.TRACE,1,3,0,26
r48u_20260914_DYNG_UDUC_ils_shadow_fix1,DYNG,UDUC,ils_shadow,True,55,0,10.039671886945143,27,26,0,0,0,0,0.6426030521264907,"[0.0144822, -0.133583, 0.457074]",['LAMBDA_ALT'],114,100,4.3041192689816266e-07,[],"{'DGEMV': 0, 'AUTHORITATIVE MEASUREMENT TRANSACTION REJECTED': 0, 'AUTHORITATIVE PREDICTION TRANSACTION REJECTED': 0}",/mnt/d/GINAN_R20/inputData/outputs/r48u_20260914_DYNG_UDUC_ils_shadow_fix1/Network-r48u_20260914_DYNG_UDUC_ils_shadow_fix1-202419900.TRACE,0,0,0,0
r48u_20260914_DYNG_UDUC_ils_feedback_fix1,DYNG,UDUC,ils_feedback,True,55,0,9.868780525051989,27,1,0,12,3,4,0.6266824835860754,"[0.0206022, -0.129497, 0.434497]",['LAMBDA_ALT'],3,3,4.3041192689816266e-07,[],"{'DGEMV': 0, 'AUTHORITATIVE MEASUREMENT TRANSACTION REJECTED': 0, 'AUTHORITATIVE PREDICTION TRANSACTION REJECTED': 0}",/mnt/d/GINAN_R20/inputData/outputs/r48u_20260914_DYNG_UDUC_ils_feedback_fix1/Network-r48u_20260914_DYNG_UDUC_ils_feedback_fix1-202419900.TRACE,1,3,0,26
r48u_20260914_NICO_UDUC_float_fix1,NICO,UDUC,float,True,55,0,9.89630711695645,0,0,0,0,0,0,0.34874662522429695,"[0.129332, -0.0443036, -0.0754722]",[],0,0,4.055105116967148e-07,[],"{'DGEMV': 0, 'AUTHORITATIVE MEASUREMENT TRANSACTION REJECTED': 0, 'AUTHORITATIVE PREDICTION TRANSACTION REJECTED': 0}",/mnt/d/GINAN_R20/inputData/outputs/r48u_20260914_NICO_UDUC_float_fix1/Network-r48u_20260914_NICO_UDUC_float_fix1-202419900.TRACE,0,0,0,0
r48u_20260914_NICO_UDUC_round_shadow_fix1,NICO,UDUC,round_shadow,True,55,0,10.299181785085239,27,22,0,0,0,0,0.34874662522429695,"[0.129332, -0.0443036, -0.0754722]",['ROUND'],0,0,4.055105116967148e-07,[],"{'DGEMV': 0, 'AUTHORITATIVE MEASUREMENT TRANSACTION REJECTED': 0, 'AUTHORITATIVE PREDICTION TRANSACTION REJECTED': 0}",/mnt/d/GINAN_R20/inputData/outputs/r48u_20260914_NICO_UDUC_round_shadow_fix1/Network-r48u_20260914_NICO_UDUC_round_shadow_fix1-202419900.TRACE,0,0,0,0
r48u_20260914_NICO_UDUC_round_feedback_fix1,NICO,UDUC,round_feedback,True,55,0,10.153993465006351,27,1,0,66,3,22,0.34926016307969243,"[0.129706, -0.0441809, -0.0764793]",['ROUND'],0,0,4.055105116967148e-07,[],"{'DGEMV': 0, 'AUTHORITATIVE MEASUREMENT TRANSACTION REJECTED': 0, 'AUTHORITATIVE PREDICTION TRANSACTION REJECTED': 0}",/mnt/d/GINAN_R20/inputData/outputs/r48u_20260914_NICO_UDUC_round_feedback_fix1/Network-r48u_20260914_NICO_UDUC_round_feedback_fix1-202419900.TRACE,1,3,0,22
r48u_20260914_NICO_UDUC_ils_shadow_fix1,NICO,UDUC,ils_shadow,True,55,0,10.01150362403132,27,25,0,0,0,0,0.34874662522429695,"[0.129332, -0.0443036, -0.0754722]",['LAMBDA_ALT'],98,84,4.055105116967148e-07,[],"{'DGEMV': 0, 'AUTHORITATIVE MEASUREMENT TRANSACTION REJECTED': 0, 'AUTHORITATIVE PREDICTION TRANSACTION REJECTED': 0}",/mnt/d/GINAN_R20/inputData/outputs/r48u_20260914_NICO_UDUC_ils_shadow_fix1/Network-r48u_20260914_NICO_UDUC_ils_shadow_fix1-202419900.TRACE,0,0,0,0
r48u_20260914_NICO_UDUC_ils_feedback_fix1,NICO,UDUC,ils_feedback,True,55,0,10.068549097981304,27,3,0,55,4,20,0.34984347222232626,"[0.12888, -0.0437987, -0.0764548]",['LAMBDA_ALT'],16,5,4.055105116967148e-07,[],"{'DGEMV': 0, 'AUTHORITATIVE MEASUREMENT TRANSACTION REJECTED': 0, 'AUTHORITATIVE PREDICTION TRANSACTION REJECTED': 0}",/mnt/d/GINAN_R20/inputData/outputs/r48u_20260914_NICO_UDUC_ils_feedback_fix1/Network-r48u_20260914_NICO_UDUC_ils_feedback_fix1-202419900.TRACE,3,4,0,26
r48u_20260914_BREW_UDUC_float_fix1,BREW,UDUC,float,True,55,0,9.924691907013766,0,0,0,0,0,0,0.28260719134839973,"[0.0950246, 0.0189214, 0.0164348]",[],0,0,7.694108359351668e-07,[],"{'DGEMV': 0, 'AUTHORITATIVE MEASUREMENT TRANSACTION REJECTED': 0, 'AUTHORITATIVE PREDICTION TRANSACTION REJECTED': 0}",/mnt/d/GINAN_R20/inputData/outputs/r48u_20260914_BREW_UDUC_float_fix1/Network-r48u_20260914_BREW_UDUC_float_fix1-202419900.TRACE,0,0,0,0
r48u_20260914_BREW_UDUC_round_shadow_fix1,BREW,UDUC,round_shadow,True,55,0,10.562847897061147,38,19,5,0,0,0,0.28260719134839973,"[0.0950246, 0.0189214, 0.0164348]",['ROUND'],0,0,7.694108359351668e-07,[],"{'DGEMV': 0, 'AUTHORITATIVE MEASUREMENT TRANSACTION REJECTED': 0, 'AUTHORITATIVE PREDICTION TRANSACTION REJECTED': 0}",/mnt/d/GINAN_R20/inputData/outputs/r48u_20260914_BREW_UDUC_round_shadow_fix1/Network-r48u_20260914_BREW_UDUC_round_shadow_fix1-202419900.TRACE,0,0,0,0
r48u_20260914_BREW_UDUC_round_feedback_fix1,BREW,UDUC,round_feedback,True,55,0,10.516035192995332,38,1,1,13,3,6,0.27934171907611394,"[0.0818044, 0.0237436, 0.0110957]",['ROUND'],0,0,7.694108359351668e-07,[],"{'DGEMV': 0, 'AUTHORITATIVE MEASUREMENT TRANSACTION REJECTED': 0, 'AUTHORITATIVE PREDICTION TRANSACTION REJECTED': 0}",/mnt/d/GINAN_R20/inputData/outputs/r48u_20260914_BREW_UDUC_round_feedback_fix1/Network-r48u_20260914_BREW_UDUC_round_feedback_fix1-202419900.TRACE,2,3,1,20
r48u_20260914_BREW_UDUC_ils_shadow_fix1,BREW,UDUC,ils_shadow,True,55,0,10.266236484982073,38,26,4,0,0,0,0.28260719134839973,"[0.0950246, 0.0189214, 0.0164348]",['LAMBDA_ALT'],51,42,7.694108359351668e-07,[],"{'DGEMV': 0, 'AUTHORITATIVE MEASUREMENT TRANSACTION REJECTED': 0, 'AUTHORITATIVE PREDICTION TRANSACTION REJECTED': 0}",/mnt/d/GINAN_R20/inputData/outputs/r48u_20260914_BREW_UDUC_ils_shadow_fix1/Network-r48u_20260914_BREW_UDUC_ils_shadow_fix1-202419900.TRACE,0,0,0,0
r48u_20260914_BREW_UDUC_ils_feedback_fix1,BREW,UDUC,ils_feedback,True,55,0,10.415287310956046,38,2,1,18,3,17,0.28077142880692413,"[0.0818042, 0.0237435, 0.0110958]",['LAMBDA_ALT'],3,3,7.694108359351668e-07,[],"{'DGEMV': 0, 'AUTHORITATIVE MEASUREMENT TRANSACTION REJECTED': 0, 'AUTHORITATIVE PREDICTION TRANSACTION REJECTED': 0}",/mnt/d/GINAN_R20/inputData/outputs/r48u_20260914_BREW_UDUC_ils_feedback_fix1/Network-r48u_20260914_BREW_UDUC_ils_feedback_fix1-202419900.TRACE,3,3,1,27
r48u_20260914_MARS_UDUC_float_fix1,MARS,UDUC,float,True,55,0,10.39572974096518,0,0,0,0,0,0,0.3850299004159496,"[0.0194424, 0.071585, -0.0836817]",[],0,0,7.195290626139301e-07,[],"{'DGEMV': 0, 'AUTHORITATIVE MEASUREMENT TRANSACTION REJECTED': 0, 'AUTHORITATIVE PREDICTION TRANSACTION REJECTED': 0}",/mnt/d/GINAN_R20/inputData/outputs/r48u_20260914_MARS_UDUC_float_fix1/Network-r48u_20260914_MARS_UDUC_float_fix1-202419900.TRACE,0,0,0,0
r48u_20260914_MARS_UDUC_round_shadow_fix1,MARS,UDUC,round_shadow,True,55,0,10.6980846329825,27,21,0,0,0,0,0.3850299004159496,"[0.0194424, 0.071585, -0.0836817]",['ROUND'],0,0,7.195290626139301e-07,[],"{'DGEMV': 0, 'AUTHORITATIVE MEASUREMENT TRANSACTION REJECTED': 0, 'AUTHORITATIVE PREDICTION TRANSACTION REJECTED': 0}",/mnt/d/GINAN_R20/inputData/outputs/r48u_20260914_MARS_UDUC_round_shadow_fix1/Network-r48u_20260914_MARS_UDUC_round_shadow_fix1-202419900.TRACE,0,0,0,0
r48u_20260914_MARS_UDUC_round_feedback_fix1,MARS,UDUC,round_feedback,True,55,0,10.675163780106232,27,1,0,27,1,27,0.37977287534897997,"[0.0131466, 0.0735021, -0.0844631]",['ROUND'],0,0,7.195290626139301e-07,[],"{'DGEMV': 0, 'AUTHORITATIVE MEASUREMENT TRANSACTION REJECTED': 0, 'AUTHORITATIVE PREDICTION TRANSACTION REJECTED': 0}",/mnt/d/GINAN_R20/inputData/outputs/r48u_20260914_MARS_UDUC_round_feedback_fix1/Network-r48u_20260914_MARS_UDUC_round_feedback_fix1-202419900.TRACE,1,1,0,27
r48u_20260914_MARS_UDUC_ils_shadow_fix1,MARS,UDUC,ils_shadow,True,55,0,10.408250632928684,27,27,0,0,0,0,0.3850299004159496,"[0.0194424, 0.071585, -0.0836817]",['LAMBDA_ALT'],77,77,7.195290626139301e-07,[],"{'DGEMV': 0, 'AUTHORITATIVE MEASUREMENT TRANSACTION REJECTED': 0, 'AUTHORITATIVE PREDICTION TRANSACTION REJECTED': 0}",/mnt/d/GINAN_R20/inputData/outputs/r48u_20260914_MARS_UDUC_ils_shadow_fix1/Network-r48u_20260914_MARS_UDUC_ils_shadow_fix1-202419900.TRACE,0,0,0,0
r48u_20260914_MARS_UDUC_ils_feedback_fix1,MARS,UDUC,ils_feedback,True,55,0,10.25120647798758,27,1,0,27,1,27,0.37977287534897997,"[0.0131466, 0.0735021, -0.0844631]",['LAMBDA_ALT'],1,1,7.195290626139301e-07,[],"{'DGEMV': 0, 'AUTHORITATIVE MEASUREMENT TRANSACTION REJECTED': 0, 'AUTHORITATIVE PREDICTION TRANSACTION REJECTED': 0}",/mnt/d/GINAN_R20/inputData/outputs/r48u_20260914_MARS_UDUC_ils_feedback_fix1/Network-r48u_20260914_MARS_UDUC_ils_feedback_fix1-202419900.TRACE,1,1,0,27
r48u_20260914_JPLM_UDUC_float_fix1,JPLM,UDUC,float,True,55,0,9.902532358886674,0,0,0,0,0,0,0.7153998045899632,"[0.0604759, 0.019082, -0.042529]",[],0,0,6.082331478698632e-07,[],"{'DGEMV': 0, 'AUTHORITATIVE MEASUREMENT TRANSACTION REJECTED': 0, 'AUTHORITATIVE PREDICTION TRANSACTION REJECTED': 0}",/mnt/d/GINAN_R20/inputData/outputs/r48u_20260914_JPLM_UDUC_float_fix1/Network-r48u_20260914_JPLM_UDUC_float_fix1-202419900.TRACE,0,0,0,0
r48u_20260914_JPLM_UDUC_round_shadow_fix1,JPLM,UDUC,round_shadow,True,55,0,10.20971547998488,38,37,0,0,0,0,0.7153998045899632,"[0.0604759, 0.019082, -0.042529]",['ROUND'],0,0,6.082331478698632e-07,[],"{'DGEMV': 0, 'AUTHORITATIVE MEASUREMENT TRANSACTION REJECTED': 0, 'AUTHORITATIVE PREDICTION TRANSACTION REJECTED': 0}",/mnt/d/GINAN_R20/inputData/outputs/r48u_20260914_JPLM_UDUC_round_shadow_fix1/Network-r48u_20260914_JPLM_UDUC_round_shadow_fix1-202419900.TRACE,0,0,0,0
r48u_20260914_JPLM_UDUC_round_feedback_fix1,JPLM,UDUC,round_feedback,True,55,0,10.240359726012684,38,2,0,11,2,11,0.7153701755842298,"[0.06047, 0.0190745, -0.0425083]",['ROUND'],0,0,6.082331478698632e-07,[],"{'DGEMV': 0, 'AUTHORITATIVE MEASUREMENT TRANSACTION REJECTED': 0, 'AUTHORITATIVE PREDICTION TRANSACTION REJECTED': 0}",/mnt/d/GINAN_R20/inputData/outputs/r48u_20260914_JPLM_UDUC_round_feedback_fix1/Network-r48u_20260914_JPLM_UDUC_round_feedback_fix1-202419900.TRACE,2,2,0,37
r48u_20260914_JPLM_UDUC_ils_shadow_fix1,JPLM,UDUC,ils_shadow,True,55,0,10.339841542067006,38,29,0,0,0,0,0.7153998045899632,"[0.0604759, 0.019082, -0.042529]",['LAMBDA_ALT'],52,52,6.082331478698632e-07,[],"{'DGEMV': 0, 'AUTHORITATIVE MEASUREMENT TRANSACTION REJECTED': 0, 'AUTHORITATIVE PREDICTION TRANSACTION REJECTED': 0}",/mnt/d/GINAN_R20/inputData/outputs/r48u_20260914_JPLM_UDUC_ils_shadow_fix1/Network-r48u_20260914_JPLM_UDUC_ils_shadow_fix1-202419900.TRACE,0,0,0,0
r48u_20260914_JPLM_UDUC_ils_feedback_fix1,JPLM,UDUC,ils_feedback,True,55,0,10.30332352896221,38,2,0,3,2,3,0.7153832788276464,"[0.06047, 0.0190745, -0.0425083]",['LAMBDA_ALT'],2,2,6.082331478698632e-07,[],"{'DGEMV': 0, 'AUTHORITATIVE MEASUREMENT TRANSACTION REJECTED': 0, 'AUTHORITATIVE PREDICTION TRANSACTION REJECTED': 0}",/mnt/d/GINAN_R20/inputData/outputs/r48u_20260914_JPLM_UDUC_ils_feedback_fix1/Network-r48u_20260914_JPLM_UDUC_ils_feedback_fix1-202419900.TRACE,2,2,0,29
