station,mode,time,stage,reference,satellite,mean,variance,fractional,perr,selected,provisional_selected
MARS,ar,2024-07-17T00:10:30,USER_IF_WL_SD,G12,G06,20.0148,1.7795,0.0147841,0.788537,0,0
MARS,ar,2024-07-17T00:10:30,USER_IF_WL_SD,G12,G19,20.2046,0.836368,0.204558,0.695376,0,0
MARS,ar,2024-07-17T00:10:30,USER_IF_WL_SD,G12,G24,-8.16494,0.268855,-0.164939,0.469557,0,0
MARS,ar,2024-07-17T00:10:30,USER_IF_WL_SD,G12,G25,4.77261,0.319159,-0.227392,0.520486,0,0
MARS,ar,2024-07-17T00:10:30,USER_IF_WL_SD,G12,G32,4.93579,0.491539,-0.064215,0.598482,0,0
MARS,ar,2024-07-17T00:17:00,USER_IF_WL_SD,G12,G06,19.6493,1.58452,-0.350666,0.780203,0,0
MARS,ar,2024-07-17T00:17:00,USER_IF_WL_SD,G12,G19,20.2465,0.968024,0.246479,0.717747,0,0
MARS,ar,2024-07-17T00:17:00,USER_IF_WL_SD,G12,G24,-7.95958,0.268635,0.0404164,0.456584,0,0
MARS,ar,2024-07-17T00:17:00,USER_IF_WL_SD,G12,G25,5.02083,0.29039,0.0208272,0.476721,0,0
MARS,ar,2024-07-17T00:17:00,USER_IF_WL_SD,G12,G32,5.10773,0.437488,0.107732,0.576326,0,0
MARS,ar,2024-07-17T00:17:30,USER_IF_WL_SD,G12,G06,19.5861,0.789247,-0.413861,0.699236,0,0
MARS,ar,2024-07-17T00:17:30,USER_IF_WL_SD,G12,G19,20.2441,0.487471,0.244121,0.608125,0,0
MARS,ar,2024-07-17T00:17:30,USER_IF_WL_SD,G12,G24,-7.96003,0.134508,0.0399692,0.240384,0,0
MARS,ar,2024-07-17T00:17:30,USER_IF_WL_SD,G12,G25,5.02323,0.144955,0.0232337,0.264518,0,0
MARS,ar,2024-07-17T00:17:30,USER_IF_WL_SD,G12,G32,5.1278,0.218158,0.127804,0.407388,0,0
MARS,ar,2024-07-17T00:18:00,USER_IF_WL_SD,G12,G06,19.6193,0.522824,-0.380679,0.635982,0,0
MARS,ar,2024-07-17T00:18:00,USER_IF_WL_SD,G12,G19,20.2342,0.327305,0.234183,0.527147,0,0
MARS,ar,2024-07-17T00:18:00,USER_IF_WL_SD,G12,G24,-7.98326,0.0897842,0.0167379,0.110393,0,0
MARS,ar,2024-07-17T00:18:00,USER_IF_WL_SD,G12,G25,5.01973,0.0964584,0.0197297,0.130903,0,0
MARS,ar,2024-07-17T00:18:00,USER_IF_WL_SD,G12,G32,5.11459,0.144986,0.114586,0.279273,0,0
MARS,ar,2024-07-17T00:18:30,USER_IF_WL_SD,G12,G06,19.6289,0.390065,-0.371073,0.586477,0,0
MARS,ar,2024-07-17T00:18:30,USER_IF_WL_SD,G12,G19,20.2205,0.24726,0.220541,0.459928,0,0
MARS,ar,2024-07-17T00:18:30,USER_IF_WL_SD,G12,G24,-7.99474,0.0674295,0.0052624,0.0468128,0,0
MARS,ar,2024-07-17T00:18:30,USER_IF_WL_SD,G12,G25,5.0127,0.0722212,0.0127014,0.0592702,0,0
MARS,ar,2024-07-17T00:18:30,USER_IF_WL_SD,G12,G32,5.08745,0.108262,0.0874479,0.177204,0,0
MARS,ar,2024-07-17T00:19:00,USER_IF_WL_SD,G12,G06,19.6771,0.31048,-0.322944,0.534511,0,0
MARS,ar,2024-07-17T00:19:00,USER_IF_WL_SD,G12,G19,20.215,0.199259,0.214962,0.403741,0,0
MARS,ar,2024-07-17T00:19:00,USER_IF_WL_SD,G12,G24,-8.00063,0.0540204,-0.000634636,0.0191763,0,0
MARS,ar,2024-07-17T00:19:00,USER_IF_WL_SD,G12,G25,5.00147,0.0576848,0.00146909,0.0255642,0,0
MARS,ar,2024-07-17T00:19:00,USER_IF_WL_SD,G12,G32,5.06739,0.0863133,0.0673941,0.106336,0,0
MARS,ar,2024-07-17T00:19:30,USER_IF_WL_SD,G12,G06,19.749,0.257672,-0.251019,0.477229,0,0
MARS,ar,2024-07-17T00:19:30,USER_IF_WL_SD,G12,G19,20.2181,0.167278,0.218086,0.357948,0,0
MARS,ar,2024-07-17T00:19:30,USER_IF_WL_SD,G12,G24,-8.00453,0.0450831,-0.00453374,0.00776056,0,0
MARS,ar,2024-07-17T00:19:30,USER_IF_WL_SD,G12,G25,4.97953,0.0479971,-0.0204688,0.011064,0,0
MARS,ar,2024-07-17T00:19:30,USER_IF_WL_SD,G12,G32,5.04431,0.0717176,0.0443126,0.0603281,0,0
MARS,ar,2024-07-17T00:20:00,USER_IF_WL_SD,G12,G06,19.7965,0.2203,-0.203531,0.426637,0,0
MARS,ar,2024-07-17T00:20:00,USER_IF_WL_SD,G12,G19,20.1779,0.144689,0.177868,0.299866,0,0
MARS,ar,2024-07-17T00:20:00,USER_IF_WL_SD,G12,G24,-8.00923,0.0388017,-0.00923312,0.00319553,0,0
MARS,ar,2024-07-17T00:20:00,USER_IF_WL_SD,G12,G25,4.95222,0.0412261,-0.0477786,0.00542276,0,0
MARS,ar,2024-07-17T00:20:00,USER_IF_WL_SD,G12,G32,5.02609,0.0615181,0.0260877,0.0339482,0,0
MARS,ar,2024-07-17T00:20:30,USER_IF_WL_SD,G12,G06,19.8228,0.191953,-0.177218,0.382215,0,0
MARS,ar,2024-07-17T00:20:30,USER_IF_WL_SD,G12,G11,13.1922,2.3801,0.19216,0.817855,0,0
MARS,ar,2024-07-17T00:20:30,USER_IF_WL_SD,G12,G19,20.1561,0.127528,0.156117,0.252333,0,0
MARS,ar,2024-07-17T00:20:30,USER_IF_WL_SD,G12,G24,-8.0168,0.033992,-0.0168032,0.00131674,0,1
MARS,ar,2024-07-17T00:20:30,USER_IF_WL_SD,G12,G25,4.93002,0.0360036,-0.0699751,0.00290577,0,0
MARS,ar,2024-07-17T00:20:30,USER_IF_WL_SD,G12,G32,5.00879,0.0536736,0.00879389,0.0186829,0,0
MARS,ar,2024-07-17T00:21:00,USER_IF_WL_SD,G12,G06,19.8438,0.170161,-0.156214,0.341112,0,0
MARS,ar,2024-07-17T00:21:00,USER_IF_WL_SD,G12,G19,20.1011,0.114333,0.101084,0.198301,0,0
MARS,ar,2024-07-17T00:21:00,USER_IF_WL_SD,G12,G24,-8.02696,0.0303107,-0.0269581,0.000575902,0,1
MARS,ar,2024-07-17T00:21:00,USER_IF_WL_SD,G12,G25,4.90808,0.0320278,-0.0919166,0.0018046,0,1
MARS,ar,2024-07-17T00:21:00,USER_IF_WL_SD,G12,G32,4.98695,0.0476978,-0.0130524,0.0105727,0,0
MARS,ar,2024-07-17T00:21:30,USER_IF_WL_SD,G12,G06,19.8934,0.15254,-0.106609,0.293738,0,0
MARS,ar,2024-07-17T00:21:30,USER_IF_WL_SD,G12,G11,13.1157,1.16665,0.115719,0.739577,0,0
MARS,ar,2024-07-17T00:21:30,USER_IF_WL_SD,G12,G19,20.072,0.103658,0.0719726,0.159937,0,0
MARS,ar,2024-07-17T00:21:30,USER_IF_WL_SD,G12,G24,-8.03172,0.0273114,-0.0317164,0.000248293,0,1
MARS,ar,2024-07-17T00:21:30,USER_IF_WL_SD,G12,G25,4.89804,0.0287685,-0.101963,0.00101743,0,1
MARS,ar,2024-07-17T00:21:30,USER_IF_WL_SD,G12,G32,4.97777,0.0428113,-0.0222311,0.00598141,0,0
MARS,ar,2024-07-17T00:22:00,USER_IF_WL_SD,G12,G06,19.9219,0.138147,-0.0780607,0.254979,0,0
MARS,ar,2024-07-17T00:22:00,USER_IF_WL_SD,G12,G11,13.1076,0.768286,0.107612,0.679375,0,0
MARS,ar,2024-07-17T00:22:00,USER_IF_WL_SD,G12,G19,20.0397,0.094937,0.0396701,0.128072,0,0
MARS,ar,2024-07-17T00:22:00,USER_IF_WL_SD,G12,G24,-8.03176,0.0248597,-0.0317624,0.000103923,1,1
MARS,ar,2024-07-17T00:22:00,USER_IF_WL_SD,G12,G25,4.8965,0.0261049,-0.103503,0.000512595,1,1
MARS,ar,2024-07-17T00:22:00,USER_IF_WL_SD,G12,G32,4.97175,0.0388202,-0.0282507,0.00339513,0,0
MARS,ar,2024-07-17T00:22:00,USER_IF_L1_SD_CONDITIONAL,G12,G24,237.658,2.73808,-0.342422,0.831327,0,0
MARS,ar,2024-07-17T00:22:00,USER_IF_L1_SD_CONDITIONAL,G12,G25,139.471,6.45498,0.471187,0.888971,0,0
MARS,ar,2024-07-17T00:22:30,USER_IF_WL_SD,G12,G06,19.9451,0.126171,-0.0548626,0.220623,0,0
MARS,ar,2024-07-17T00:22:30,USER_IF_WL_SD,G12,G11,13.0778,0.570094,0.0778123,0.627378,0,0
MARS,ar,2024-07-17T00:22:30,USER_IF_WL_SD,G12,G19,20.0161,0.0876814,0.016071,0.103986,0,0
MARS,ar,2024-07-17T00:22:30,USER_IF_WL_SD,G12,G24,-8.03376,0.0228183,-0.0337629,4.48941e-05,1,1
MARS,ar,2024-07-17T00:22:30,USER_IF_WL_SD,G12,G25,4.89889,0.0238875,-0.101111,0.000239932,1,1
MARS,ar,2024-07-17T00:22:30,USER_IF_WL_SD,G12,G32,4.9678,0.0354993,-0.0321983,0.00192721,0,0
MARS,ar,2024-07-17T00:22:30,USER_IF_L1_SD_CONDITIONAL,G12,G24,237.497,2.65728,0.497204,0.830919,0,0
MARS,ar,2024-07-17T00:22:30,USER_IF_L1_SD_CONDITIONAL,G12,G25,138.946,6.37679,-0.0541462,0.887445,0,0
MARS,ar,2024-07-17T00:23:00,USER_IF_WL_SD,G12,G06,19.9624,0.116051,-0.0375565,0.190554,0,0
MARS,ar,2024-07-17T00:23:00,USER_IF_WL_SD,G12,G11,13.0652,0.451473,0.0651522,0.58115,0,0
MARS,ar,2024-07-17T00:23:00,USER_IF_WL_SD,G12,G19,19.9968,0.0815523,-0.00322679,0.0853271,0,0
MARS,ar,2024-07-17T00:23:00,USER_IF_WL_SD,G12,G24,-8.03461,0.0210921,-0.0346053,1.9302e-05,0,1
MARS,ar,2024-07-17T00:23:00,USER_IF_WL_SD,G12,G25,4.90086,0.022013,-0.0991391,0.000112313,0,1
MARS,ar,2024-07-17T00:23:00,USER_IF_WL_SD,G12,G32,4.96604,0.0326931,-0.0339619,0.00108564,0,1
MARS,ar,2024-07-17T00:23:00,USER_IF_L1_SD_CONDITIONAL,G12,G24,237.149,2.5642,0.149239,0.824213,0,0
MARS,ar,2024-07-17T00:23:00,USER_IF_L1_SD_CONDITIONAL,G12,G25,138.081,6.23588,0.0806867,0.886271,0,0
MARS,ar,2024-07-17T00:23:30,USER_IF_WL_SD,G12,G06,19.97,0.10744,-0.029962,0.164779,0,0
MARS,ar,2024-07-17T00:23:30,USER_IF_WL_SD,G12,G19,19.9682,0.076344,-0.0317947,0.0717629,0,0
MARS,ar,2024-07-17T00:23:30,USER_IF_WL_SD,G12,G24,-8.0354,0.0196338,-0.0353984,8.46856e-06,1,1
MARS,ar,2024-07-17T00:23:30,USER_IF_WL_SD,G12,G25,4.90013,0.020437,-0.0998678,5.64629e-05,1,1
MARS,ar,2024-07-17T00:23:30,USER_IF_WL_SD,G12,G32,4.96252,0.0303292,-0.0374815,0.000629559,1,1
MARS,ar,2024-07-17T00:23:30,USER_IF_L1_SD_CONDITIONAL,G12,G24,236.923,2.47748,-0.0773404,0.820884,0,0
MARS,ar,2024-07-17T00:23:30,USER_IF_L1_SD_CONDITIONAL,G12,G25,137.483,6.1506,0.483191,0.886524,0,0
MARS,ar,2024-07-17T00:23:30,USER_IF_L1_SD_CONDITIONAL,G12,G32,55.7775,10.7693,-0.22248,0.910514,0,0
MARS,ar,2024-07-17T00:24:00,USER_IF_WL_SD,G12,G06,19.9694,0.0999787,-0.0305795,0.142441,0,0
MARS,ar,2024-07-17T00:24:00,USER_IF_WL_SD,G12,G19,19.9501,0.0718328,-0.0499028,0.061343,0,0
MARS,ar,2024-07-17T00:24:00,USER_IF_WL_SD,G12,G24,-8.03727,0.0183678,-0.0372723,3.82987e-06,1,1
MARS,ar,2024-07-17T00:24:00,USER_IF_WL_SD,G12,G25,4.89459,0.019068,-0.105408,3.22161e-05,1,1
MARS,ar,2024-07-17T00:24:00,USER_IF_WL_SD,G12,G32,4.95813,0.028277,-0.0418656,0.000372154,1,1
MARS,ar,2024-07-17T00:24:00,USER_IF_L1_SD_CONDITIONAL,G12,G24,236.553,2.39246,-0.446808,0.821384,0,0
MARS,ar,2024-07-17T00:24:00,USER_IF_L1_SD_CONDITIONAL,G12,G25,136.624,6.01699,-0.375638,0.884946,0,0
MARS,ar,2024-07-17T00:24:00,USER_IF_L1_SD_CONDITIONAL,G12,G32,55.5184,10.6372,-0.481649,0.910382,0,0
MARS,ar,2024-07-17T00:24:30,USER_IF_WL_SD,G12,G06,19.9835,0.0934528,-0.0164826,0.121555,0,0
MARS,ar,2024-07-17T00:24:30,USER_IF_WL_SD,G12,G19,19.9412,0.0678897,-0.0588103,0.0522391,0,0
MARS,ar,2024-07-17T00:24:30,USER_IF_WL_SD,G12,G24,-8.03616,0.0172585,-0.03616,1.63816e-06,1,1
MARS,ar,2024-07-17T00:24:30,USER_IF_WL_SD,G12,G25,4.8863,0.0178677,-0.113705,2.02337e-05,1,1
MARS,ar,2024-07-17T00:24:30,USER_IF_WL_SD,G12,G32,4.95396,0.0264791,-0.0460442,0.000222561,1,1
MARS,ar,2024-07-17T00:24:30,USER_IF_L1_SD_CONDITIONAL,G12,G24,236.338,2.32399,0.337729,0.817209,0,0
MARS,ar,2024-07-17T00:24:30,USER_IF_L1_SD_CONDITIONAL,G12,G25,136.102,5.94131,0.101998,0.883655,0,0
MARS,ar,2024-07-17T00:24:30,USER_IF_L1_SD_CONDITIONAL,G12,G32,55.4503,10.5269,0.450329,0.909965,0,0
DYNG,ar,2024-07-17T00:10:30,USER_IF_WL_SD,G24,G06,-4.00139,0.618646,-0.00139116,0.641348,0,0
DYNG,ar,2024-07-17T00:10:30,USER_IF_WL_SD,G24,G12,-28.0111,0.265132,-0.0110985,0.452241,0,0
DYNG,ar,2024-07-17T00:10:30,USER_IF_WL_SD,G24,G19,30.7283,0.562662,-0.271706,0.636063,0,0
DYNG,ar,2024-07-17T00:10:30,USER_IF_WL_SD,G24,G25,0.0412029,0.512481,0.0412029,0.606272,0,0
DYNG,ar,2024-07-17T00:10:30,USER_IF_WL_SD,G24,G32,-11.5936,1.25197,0.406423,0.756066,0,0
DYNG,ar,2024-07-17T00:17:00,USER_IF_WL_SD,G24,G06,-3.84493,0.593185,0.155069,0.637424,0,0
DYNG,ar,2024-07-17T00:17:00,USER_IF_WL_SD,G24,G12,-28.0222,0.255494,-0.0221524,0.442224,0,0
DYNG,ar,2024-07-17T00:17:00,USER_IF_WL_SD,G24,G19,30.9236,0.621399,-0.0763761,0.642982,0,0
DYNG,ar,2024-07-17T00:17:00,USER_IF_WL_SD,G24,G25,0.0439855,0.459917,0.0439855,0.584473,0,0
DYNG,ar,2024-07-17T00:17:00,USER_IF_WL_SD,G24,G32,-10.9707,1.09061,0.0293495,0.729932,0,0
DYNG,ar,2024-07-17T00:17:30,USER_IF_WL_SD,G24,G06,-3.95003,0.296325,0.0499748,0.482882,0,0
DYNG,ar,2024-07-17T00:17:30,USER_IF_WL_SD,G24,G12,-28.0059,0.12775,-0.00589385,0.220851,0,0
DYNG,ar,2024-07-17T00:17:30,USER_IF_WL_SD,G24,G19,30.9641,0.312407,-0.0358572,0.495822,0,0
DYNG,ar,2024-07-17T00:17:30,USER_IF_WL_SD,G24,G25,0.0530359,0.229303,0.0530359,0.412832,0,0
DYNG,ar,2024-07-17T00:17:30,USER_IF_WL_SD,G24,G32,-10.8254,0.543003,0.174565,0.622514,0,0
DYNG,ar,2024-07-17T00:18:00,USER_IF_WL_SD,G24,G06,-3.93731,0.196015,0.0626853,0.366532,0,0
DYNG,ar,2024-07-17T00:18:00,USER_IF_WL_SD,G24,G12,-27.9474,0.0851531,0.0526126,0.100147,0,0
DYNG,ar,2024-07-17T00:18:00,USER_IF_WL_SD,G24,G19,31.0113,0.209412,0.0113342,0.383966,0,0
DYNG,ar,2024-07-17T00:18:00,USER_IF_WL_SD,G24,G25,0.0930733,0.152411,0.0930733,0.290498,0,0
DYNG,ar,2024-07-17T00:18:00,USER_IF_WL_SD,G24,G32,-10.8767,0.360416,0.123288,0.535042,0,0
DYNG,ar,2024-07-17T00:18:30,USER_IF_WL_SD,G24,G06,-3.91719,0.146298,0.0828076,0.274972,0,0
DYNG,ar,2024-07-17T00:18:30,USER_IF_WL_SD,G24,G12,-27.9341,0.0638617,0.0658937,0.043356,0,0
DYNG,ar,2024-07-17T00:18:30,USER_IF_WL_SD,G24,G19,30.9959,0.15794,-0.00414405,0.292968,0,0
DYNG,ar,2024-07-17T00:18:30,USER_IF_WL_SD,G24,G25,0.0605618,0.113981,0.0605618,0.187888,0,0
DYNG,ar,2024-07-17T00:18:30,USER_IF_WL_SD,G24,G32,-10.8709,0.268998,0.12912,0.464478,0,0
DYNG,ar,2024-07-17T00:19:00,USER_IF_WL_SD,G24,G06,-3.91813,0.116524,0.0818729,0.199416,0,0
DYNG,ar,2024-07-17T00:19:00,USER_IF_WL_SD,G24,G12,-27.9769,0.0510904,0.0231206,0.015146,0,0
DYNG,ar,2024-07-17T00:19:00,USER_IF_WL_SD,G24,G19,30.9185,0.127072,-0.0815304,0.227848,0,0
DYNG,ar,2024-07-17T00:19:00,USER_IF_WL_SD,G24,G25,-0.0138303,0.0909306,-0.0138303,0.113745,0,0
DYNG,ar,2024-07-17T00:19:00,USER_IF_WL_SD,G24,G32,-10.9494,0.214242,0.0505769,0.392604,0,0
DYNG,ar,2024-07-17T00:19:30,USER_IF_WL_SD,G24,G06,-3.88556,0.0969112,0.114438,0.151762,0,0
DYNG,ar,2024-07-17T00:19:30,USER_IF_WL_SD,G24,G12,-27.9915,0.042578,0.00845755,0.00563279,0,0
DYNG,ar,2024-07-17T00:19:30,USER_IF_WL_SD,G24,G19,30.9102,0.106503,-0.0898075,0.172681,0,0
DYNG,ar,2024-07-17T00:19:30,USER_IF_WL_SD,G24,G25,-0.0253077,0.0755686,-0.0253077,0.0690676,0,0
DYNG,ar,2024-07-17T00:19:30,USER_IF_WL_SD,G24,G32,-11.0266,0.177783,-0.0265639,0.332804,0,0
DYNG,ar,2024-07-17T00:20:00,USER_IF_WL_SD,G24,G06,-3.90408,0.0832283,0.0959179,0.104062,0,0
DYNG,ar,2024-07-17T00:20:00,USER_IF_WL_SD,G24,G12,-27.9852,0.0366016,0.0148345,0.00220075,0,0
DYNG,ar,2024-07-17T00:20:00,USER_IF_WL_SD,G24,G19,30.8933,0.0920576,-0.106689,0.134371,0,0
DYNG,ar,2024-07-17T00:20:00,USER_IF_WL_SD,G24,G25,-0.0207941,0.0647469,-0.0207941,0.040887,0,0
DYNG,ar,2024-07-17T00:20:00,USER_IF_WL_SD,G24,G32,-11.0882,0.151976,-0.0881616,0.288579,0,0
DYNG,ar,2024-07-17T00:20:30,USER_IF_WL_SD,G24,G06,-3.90174,0.0726522,0.0982586,0.0734564,0,0
DYNG,ar,2024-07-17T00:20:30,USER_IF_WL_SD,G24,G11,-50.1404,0.523481,-0.140429,0.613762,0,0
DYNG,ar,2024-07-17T00:20:30,USER_IF_WL_SD,G24,G12,-27.9724,0.0320188,0.0276409,0.000889138,1,1
DYNG,ar,2024-07-17T00:20:30,USER_IF_WL_SD,G24,G19,30.9324,0.0809953,-0.0675648,0.0904001,0,0
DYNG,ar,2024-07-17T00:20:30,USER_IF_WL_SD,G24,G25,0.009681,0.0564859,0.009681,0.023452,0,0
DYNG,ar,2024-07-17T00:20:30,USER_IF_WL_SD,G24,G32,-11.0833,0.132429,-0.0833004,0.24195,0,0
DYNG,ar,2024-07-17T00:20:30,USER_IF_L1_SD_CONDITIONAL,G24,G12,353.373,2.70834,0.372575,0.830761,0,0
DYNG,ar,2024-07-17T00:21:00,USER_IF_WL_SD,G24,G06,-3.90948,0.0646626,0.0905223,0.0499348,0,0
DYNG,ar,2024-07-17T00:21:00,USER_IF_WL_SD,G24,G12,-27.9673,0.028515,0.0327373,0.000364092,1,1
DYNG,ar,2024-07-17T00:21:00,USER_IF_WL_SD,G24,G19,30.9267,0.0725365,-0.0733384,0.0671904,0,0
DYNG,ar,2024-07-17T00:21:00,USER_IF_WL_SD,G24,G25,0.0467192,0.0501416,0.0467192,0.0149508,0,0
DYNG,ar,2024-07-17T00:21:00,USER_IF_WL_SD,G24,G32,-11.0736,0.11735,-0.0735536,0.199888,0,0
DYNG,ar,2024-07-17T00:21:00,USER_IF_L1_SD_CONDITIONAL,G24,G12,353.36,2.62632,0.360375,0.828063,0,0
DYNG,ar,2024-07-17T00:21:30,USER_IF_WL_SD,G24,G06,-3.91503,0.0580888,0.0849721,0.0334382,0,0
DYNG,ar,2024-07-17T00:21:30,USER_IF_WL_SD,G24,G11,-50.3035,0.2623,-0.303545,0.495494,0,0
DYNG,ar,2024-07-17T00:21:30,USER_IF_WL_SD,G24,G12,-27.9674,0.0256565,0.0326239,0.000141768,1,1
DYNG,ar,2024-07-17T00:21:30,USER_IF_WL_SD,G24,G19,30.9592,0.0656439,-0.0407755,0.0444556,0,0
DYNG,ar,2024-07-17T00:21:30,USER_IF_WL_SD,G24,G25,0.0441505,0.0449942,0.0441505,0.00860038,0,0
DYNG,ar,2024-07-17T00:21:30,USER_IF_WL_SD,G24,G32,-11.0542,0.105191,-0.0542265,0.161145,0,0
DYNG,ar,2024-07-17T00:21:30,USER_IF_L1_SD_CONDITIONAL,G24,G12,353.34,2.54907,0.340111,0.825301,0,0
DYNG,ar,2024-07-17T00:22:00,USER_IF_WL_SD,G24,G06,-3.94378,0.0527274,0.0562203,0.0196011,0,0
DYNG,ar,2024-07-17T00:22:00,USER_IF_WL_SD,G24,G11,-50.284,0.17573,-0.283988,0.399764,0,0
DYNG,ar,2024-07-17T00:22:00,USER_IF_WL_SD,G24,G12,-27.9703,0.0233199,0.0297353,5.34597e-05,1,1
DYNG,ar,2024-07-17T00:22:00,USER_IF_WL_SD,G24,G19,30.9779,0.0600124,-0.0221064,0.0305967,0,0
DYNG,ar,2024-07-17T00:22:00,USER_IF_WL_SD,G24,G25,0.0545488,0.0407864,0.0545488,0.00533737,0,0
DYNG,ar,2024-07-17T00:22:00,USER_IF_WL_SD,G24,G32,-11.0398,0.0952549,-0.0398195,0.12906,0,0
DYNG,ar,2024-07-17T00:22:00,USER_IF_L1_SD_CONDITIONAL,G24,G12,353.351,2.47626,0.351088,0.822948,0,0
DYNG,ar,2024-07-17T00:22:30,USER_IF_WL_SD,G24,G06,-3.95951,0.0482715,0.0404872,0.0121235,0,0
DYNG,ar,2024-07-17T00:22:30,USER_IF_WL_SD,G24,G11,-50.1982,0.132319,-0.198241,0.282462,0,0
DYNG,ar,2024-07-17T00:22:30,USER_IF_WL_SD,G24,G12,-27.9714,0.0213742,0.0285686,2.05065e-05,1,1
DYNG,ar,2024-07-17T00:22:30,USER_IF_WL_SD,G24,G19,30.9661,0.0553257,-0.0338511,0.0223251,0,0
DYNG,ar,2024-07-17T00:22:30,USER_IF_WL_SD,G24,G25,0.0466599,0.0372828,0.0466599,0.00293484,0,0
DYNG,ar,2024-07-17T00:22:30,USER_IF_WL_SD,G24,G32,-11.0568,0.0869831,-0.0568279,0.106373,0,0
DYNG,ar,2024-07-17T00:22:30,USER_IF_L1_SD_CONDITIONAL,G24,G12,353.35,2.40754,0.350257,0.820492,0,0
DYNG,ar,2024-07-17T00:23:00,USER_IF_WL_SD,G24,G06,-3.95761,0.04451,0.0423894,0.00804814,0,0
DYNG,ar,2024-07-17T00:23:00,USER_IF_WL_SD,G24,G11,-50.1492,0.106165,-0.14915,0.192872,0,0
DYNG,ar,2024-07-17T00:23:00,USER_IF_WL_SD,G24,G12,-27.9825,0.0197291,0.0174796,6.9038e-06,1,1
DYNG,ar,2024-07-17T00:23:00,USER_IF_WL_SD,G24,G19,30.9406,0.0513652,-0.0594447,0.0177209,0,0
DYNG,ar,2024-07-17T00:23:00,USER_IF_WL_SD,G24,G25,0.0529196,0.0343203,0.0529196,0.00179769,0,0
DYNG,ar,2024-07-17T00:23:00,USER_IF_WL_SD,G24,G32,-11.0497,0.079991,-0.0496949,0.084353,0,0
DYNG,ar,2024-07-17T00:23:00,USER_IF_L1_SD_CONDITIONAL,G24,G12,353.429,2.34259,0.429184,0.819276,0,0
DYNG,ar,2024-07-17T00:23:30,USER_IF_WL_SD,G24,G06,-3.95818,0.0413352,0.0418185,0.00531368,0,0
DYNG,ar,2024-07-17T00:23:30,USER_IF_WL_SD,G24,G12,-27.9871,0.0183409,0.0128938,2.55604e-06,1,1
DYNG,ar,2024-07-17T00:23:30,USER_IF_WL_SD,G24,G19,30.8998,0.0480097,-0.100156,0.0171719,0,0
DYNG,ar,2024-07-17T00:23:30,USER_IF_WL_SD,G24,G25,0.0456399,0.0318102,0.0456399,0.00097891,1,1
DYNG,ar,2024-07-17T00:23:30,USER_IF_WL_SD,G24,G32,-11.0355,0.0740398,-0.0354649,0.0656838,0,0
DYNG,ar,2024-07-17T00:23:30,USER_IF_L1_SD_CONDITIONAL,G24,G12,353.446,2.25155,0.445994,0.816106,0,0
DYNG,ar,2024-07-17T00:23:30,USER_IF_L1_SD_CONDITIONAL,G24,G25,93.4318,12.373,0.43181,0.915304,0,0
DYNG,ar,2024-07-17T00:24:00,USER_IF_WL_SD,G24,G06,-3.95284,0.0385826,0.0471611,0.00364668,0,0
DYNG,ar,2024-07-17T00:24:00,USER_IF_WL_SD,G24,G12,-27.985,0.0171355,0.0150089,1.01215e-06,1,1
DYNG,ar,2024-07-17T00:24:00,USER_IF_WL_SD,G24,G19,30.8705,0.0450998,-0.129536,0.0170883,0,0
DYNG,ar,2024-07-17T00:24:00,USER_IF_WL_SD,G24,G25,0.0426702,0.0296323,0.0426702,0.000550513,1,1
DYNG,ar,2024-07-17T00:24:00,USER_IF_WL_SD,G24,G32,-11.0199,0.0688817,-0.0199295,0.0508921,0,0
DYNG,ar,2024-07-17T00:24:00,USER_IF_L1_SD_CONDITIONAL,G24,G12,353.514,2.19248,-0.486421,0.814556,0,0
DYNG,ar,2024-07-17T00:24:00,USER_IF_L1_SD_CONDITIONAL,G24,G25,93.6713,12.1116,-0.328685,0.914533,0,0
DYNG,ar,2024-07-17T00:24:30,USER_IF_WL_SD,G24,G06,-3.94672,0.0361734,0.0532828,0.00255216,0,0
DYNG,ar,2024-07-17T00:24:30,USER_IF_WL_SD,G24,G12,-27.9752,0.0160792,0.024804,4.64183e-07,1,1
DYNG,ar,2024-07-17T00:24:30,USER_IF_WL_SD,G24,G19,30.8533,0.0425536,-0.146687,0.0159841,0,0
DYNG,ar,2024-07-17T00:24:30,USER_IF_WL_SD,G24,G25,0.0520207,0.0277249,0.0520207,0.000357328,1,1
DYNG,ar,2024-07-17T00:24:30,USER_IF_WL_SD,G24,G32,-11.0199,0.0643691,-0.0199351,0.0399731,0,0
DYNG,ar,2024-07-17T00:24:30,USER_IF_L1_SD_CONDITIONAL,G24,G12,353.498,2.13647,0.497768,0.812519,0,0
DYNG,ar,2024-07-17T00:24:30,USER_IF_L1_SD_CONDITIONAL,G24,G25,93.6966,11.8628,-0.303417,0.913846,0,0
NICO,ar,2024-07-17T00:10:30,USER_IF_WL_SD,G24,G06,-14.9711,0.448514,0.0288969,0.578978,0,0
NICO,ar,2024-07-17T00:10:30,USER_IF_WL_SD,G24,G12,29.3051,0.297308,0.30511,0.521593,0,0
NICO,ar,2024-07-17T00:10:30,USER_IF_WL_SD,G24,G19,12.0739,0.479968,0.0738907,0.593974,0,0
NICO,ar,2024-07-17T00:10:30,USER_IF_WL_SD,G24,G22,44.1184,3.38011,0.118381,0.846685,0,0
NICO,ar,2024-07-17T00:10:30,USER_IF_WL_SD,G24,G25,1.96974,0.832064,-0.0302573,0.69083,0,0
NICO,ar,2024-07-17T00:10:30,USER_IF_WL_SD,G24,G32,3.94072,3.48315,-0.0592841,0.848843,0,0
NICO,ar,2024-07-17T00:17:00,USER_IF_WL_SD,G24,G06,-15.094,0.432634,-0.0940083,0.573306,0,0
NICO,ar,2024-07-17T00:17:00,USER_IF_WL_SD,G24,G12,29.1907,0.281959,0.190736,0.485615,0,0
NICO,ar,2024-07-17T00:17:00,USER_IF_WL_SD,G24,G19,12.2017,0.515411,0.201736,0.614748,0,0
NICO,ar,2024-07-17T00:17:00,USER_IF_WL_SD,G24,G25,1.88029,0.71741,-0.119709,0.668608,0,0
NICO,ar,2024-07-17T00:17:00,USER_IF_WL_SD,G24,G32,4.15502,2.84352,0.155016,0.833054,0,0
NICO,ar,2024-07-17T00:17:30,USER_IF_WL_SD,G24,G06,-15.0807,0.216201,-0.0806985,0.398069,0,0
NICO,ar,2024-07-17T00:17:30,USER_IF_WL_SD,G24,G12,29.1484,0.140875,0.148394,0.280514,0,0
NICO,ar,2024-07-17T00:17:30,USER_IF_WL_SD,G24,G19,12.2097,0.258881,0.209658,0.468624,0,0
NICO,ar,2024-07-17T00:17:30,USER_IF_WL_SD,G24,G25,1.88859,0.357003,-0.111413,0.53196,0,0
NICO,ar,2024-07-17T00:17:30,USER_IF_WL_SD,G24,G32,4.23104,1.41225,0.231038,0.764855,0,0
NICO,ar,2024-07-17T00:18:00,USER_IF_WL_SD,G24,G06,-15.032,0.142692,-0.0320084,0.259744,0,0
NICO,ar,2024-07-17T00:18:00,USER_IF_WL_SD,G24,G12,29.1298,0.0938313,0.129818,0.148259,0,0
NICO,ar,2024-07-17T00:18:00,USER_IF_WL_SD,G24,G19,12.2423,0.173369,0.242273,0.377548,0,0
NICO,ar,2024-07-17T00:18:00,USER_IF_WL_SD,G24,G25,1.87747,0.236854,-0.12253,0.429549,0,0
NICO,ar,2024-07-17T00:18:00,USER_IF_WL_SD,G24,G32,4.21592,0.935183,0.215917,0.711906,0,0
NICO,ar,2024-07-17T00:18:30,USER_IF_WL_SD,G24,G06,-15.0177,0.106379,-0.0176758,0.160756,0,0
NICO,ar,2024-07-17T00:18:30,USER_IF_WL_SD,G24,G12,29.118,0.0703166,0.11799,0.0727571,0,0
NICO,ar,2024-07-17T00:18:30,USER_IF_WL_SD,G24,G19,12.2443,0.130634,0.244303,0.304043,0,0
NICO,ar,2024-07-17T00:18:30,USER_IF_WL_SD,G24,G25,1.87318,0.176798,-0.126818,0.34504,0,0
NICO,ar,2024-07-17T00:18:30,USER_IF_WL_SD,G24,G32,4.18478,0.696587,0.18478,0.666124,0,0
NICO,ar,2024-07-17T00:19:00,USER_IF_WL_SD,G24,G06,-15.014,0.0846461,-0.0140081,0.0947675,0,0
NICO,ar,2024-07-17T00:19:00,USER_IF_WL_SD,G24,G12,29.1061,0.0562115,0.106061,0.0334732,0,0
NICO,ar,2024-07-17T00:19:00,USER_IF_WL_SD,G24,G19,12.2334,0.105006,0.233355,0.237833,0,0
NICO,ar,2024-07-17T00:19:00,USER_IF_WL_SD,G24,G25,1.87435,0.140777,-0.125652,0.272891,0,0
NICO,ar,2024-07-17T00:19:00,USER_IF_WL_SD,G24,G32,4.18137,0.553573,0.181371,0.626444,0,0
NICO,ar,2024-07-17T00:19:30,USER_IF_WL_SD,G24,G06,-14.9967,0.0703937,0.00329874,0.0542687,0,0
NICO,ar,2024-07-17T00:19:30,USER_IF_WL_SD,G24,G12,29.0972,0.04681,0.0971663,0.0149988,0,0
NICO,ar,2024-07-17T00:19:30,USER_IF_WL_SD,G24,G19,12.2163,0.087928,0.216332,0.177923,0,0
NICO,ar,2024-07-17T00:19:30,USER_IF_WL_SD,G24,G25,1.87413,0.11677,-0.125869,0.213024,0,0
NICO,ar,2024-07-17T00:19:30,USER_IF_WL_SD,G24,G32,4.17258,0.458315,0.172583,0.590025,0,0
NICO,ar,2024-07-17T00:20:00,USER_IF_WL_SD,G24,G06,-14.9954,0.0605365,0.00460622,0.0311932,0,0
NICO,ar,2024-07-17T00:20:00,USER_IF_WL_SD,G24,G12,29.0904,0.0401995,0.0903924,0.00673057,0,0
NICO,ar,2024-07-17T00:20:00,USER_IF_WL_SD,G24,G19,12.1579,0.0759761,0.157931,0.105915,0,0
NICO,ar,2024-07-17T00:20:00,USER_IF_WL_SD,G24,G25,1.88232,0.0997793,-0.117677,0.161525,0,0
NICO,ar,2024-07-17T00:20:00,USER_IF_WL_SD,G24,G32,4.15367,0.390548,0.153668,0.555376,0,0
NICO,ar,2024-07-17T00:20:30,USER_IF_WL_SD,G24,G06,-14.9884,0.0528313,0.0115713,0.017414,0,0
NICO,ar,2024-07-17T00:20:30,USER_IF_WL_SD,G24,G11,-21.1574,0.344308,-0.15745,0.527824,0,0
NICO,ar,2024-07-17T00:20:30,USER_IF_WL_SD,G24,G12,29.0746,0.03514,0.0745589,0.00262422,0,0
NICO,ar,2024-07-17T00:20:30,USER_IF_WL_SD,G24,G19,12.1359,0.0667799,0.135859,0.0689132,0,0
NICO,ar,2024-07-17T00:20:30,USER_IF_WL_SD,G24,G25,1.87218,0.0868899,-0.127818,0.126241,0,0
NICO,ar,2024-07-17T00:20:30,USER_IF_WL_SD,G24,G32,4.12553,0.339552,0.125527,0.521477,0,0
NICO,ar,2024-07-17T00:21:00,USER_IF_WL_SD,G24,G06,-14.9978,0.0470724,0.00221385,0.00978043,0,0
NICO,ar,2024-07-17T00:21:00,USER_IF_WL_SD,G24,G12,29.0698,0.0312663,0.0697729,0.00113718,0,1
NICO,ar,2024-07-17T00:21:00,USER_IF_WL_SD,G24,G19,12.0938,0.0597725,0.0937514,0.0388278,0,0
NICO,ar,2024-07-17T00:21:00,USER_IF_WL_SD,G24,G25,1.85667,0.0769499,-0.143326,0.102192,0,0
NICO,ar,2024-07-17T00:21:00,USER_IF_WL_SD,G24,G32,4.12459,0.300041,0.124592,0.491627,0,0
NICO,ar,2024-07-17T00:21:30,USER_IF_WL_SD,G24,G06,-14.9892,0.0422842,0.0107939,0.00542601,0,0
NICO,ar,2024-07-17T00:21:30,USER_IF_WL_SD,G24,G11,-21.2413,0.173675,-0.241278,0.377581,0,0
NICO,ar,2024-07-17T00:21:30,USER_IF_WL_SD,G24,G12,29.0592,0.0281111,0.0592233,0.000441402,1,1
NICO,ar,2024-07-17T00:21:30,USER_IF_WL_SD,G24,G19,12.0747,0.0540379,0.0746609,0.0238582,0,0
NICO,ar,2024-07-17T00:21:30,USER_IF_WL_SD,G24,G25,1.84006,0.0689254,-0.159939,0.085245,0,0
NICO,ar,2024-07-17T00:21:30,USER_IF_WL_SD,G24,G32,4.12987,0.268357,0.129865,0.463956,0,0
NICO,ar,2024-07-17T00:21:30,USER_IF_L1_SD_CONDITIONAL,G24,G12,-11.4419,1.00807,-0.441928,0.73232,0,0
NICO,ar,2024-07-17T00:22:00,USER_IF_WL_SD,G24,G06,-14.9843,0.0383831,0.0156713,0.00302009,0,0
NICO,ar,2024-07-17T00:22:00,USER_IF_WL_SD,G24,G11,-21.2854,0.117003,-0.28537,0.303984,0,0
NICO,ar,2024-07-17T00:22:00,USER_IF_WL_SD,G24,G12,29.0449,0.0255319,0.0449046,0.000157902,1,1
NICO,ar,2024-07-17T00:22:00,USER_IF_WL_SD,G24,G19,12.0634,0.0493525,0.0633609,0.0150801,0,0
NICO,ar,2024-07-17T00:22:00,USER_IF_WL_SD,G24,G25,1.83765,0.0623652,-0.162352,0.0668834,0,0
NICO,ar,2024-07-17T00:22:00,USER_IF_WL_SD,G24,G32,4.14765,0.242463,0.14765,0.43989,0,0
NICO,ar,2024-07-17T00:22:00,USER_IF_L1_SD_CONDITIONAL,G24,G12,-11.0887,0.943883,-0.0887183,0.710245,0,0
NICO,ar,2024-07-17T00:22:30,USER_IF_WL_SD,G24,G06,-14.982,0.0351437,0.0179641,0.00167848,0,0
NICO,ar,2024-07-17T00:22:30,USER_IF_WL_SD,G24,G11,-21.267,0.0885061,-0.266974,0.219647,0,0
NICO,ar,2024-07-17T00:22:30,USER_IF_WL_SD,G24,G12,29.0293,0.0233841,0.029328,5.47349e-05,1,1
NICO,ar,2024-07-17T00:22:30,USER_IF_WL_SD,G24,G19,12.0621,0.0454531,0.0621016,0.0100522,0,0
NICO,ar,2024-07-17T00:22:30,USER_IF_WL_SD,G24,G25,1.84298,0.0569027,-0.157023,0.0496276,0,0
NICO,ar,2024-07-17T00:22:30,USER_IF_WL_SD,G24,G32,4.16118,0.220912,0.161182,0.417304,0,0
NICO,ar,2024-07-17T00:22:30,USER_IF_L1_SD_CONDITIONAL,G24,G12,-10.693,0.890535,0.307023,0.708877,0,0
NICO,ar,2024-07-17T00:23:00,USER_IF_WL_SD,G24,G06,-14.9798,0.0324111,0.0201683,0.000936313,1,1
NICO,ar,2024-07-17T00:23:00,USER_IF_WL_SD,G24,G11,-21.258,0.0712946,-0.258028,0.158374,0,0
NICO,ar,2024-07-17T00:23:00,USER_IF_WL_SD,G24,G12,29.0175,0.0215679,0.0174617,2.00276e-05,1,1
NICO,ar,2024-07-17T00:23:00,USER_IF_WL_SD,G24,G19,12.064,0.0421575,0.0639578,0.00687292,0,0
NICO,ar,2024-07-17T00:23:00,USER_IF_WL_SD,G24,G25,1.85263,0.052284,-0.147375,0.0350861,0,0
NICO,ar,2024-07-17T00:23:00,USER_IF_WL_SD,G24,G32,4.16674,0.2027,0.166742,0.394755,0,0
NICO,ar,2024-07-17T00:23:00,USER_IF_L1_SD_CONDITIONAL,G24,G06,44.0831,4.36256,0.0831363,0.864827,0,0
NICO,ar,2024-07-17T00:23:00,USER_IF_L1_SD_CONDITIONAL,G24,G12,-10.5102,0.841792,0.489761,0.713678,0,0
NICO,ar,2024-07-17T00:23:30,USER_IF_WL_SD,G24,G06,-14.9882,0.0301172,0.0117625,0.000505833,1,1
NICO,ar,2024-07-17T00:23:30,USER_IF_WL_SD,G24,G12,29.0091,0.0200335,0.00907739,7.80707e-06,1,1
NICO,ar,2024-07-17T00:23:30,USER_IF_WL_SD,G24,G19,12.0475,0.0393717,0.0474766,0.00413187,0,0
NICO,ar,2024-07-17T00:23:30,USER_IF_WL_SD,G24,G25,1.85711,0.0483567,-0.142893,0.0255394,0,0
NICO,ar,2024-07-17T00:23:30,USER_IF_WL_SD,G24,G32,4.156,0.187148,0.155995,0.369208,0,0
NICO,ar,2024-07-17T00:23:30,USER_IF_L1_SD_CONDITIONAL,G24,G06,43.8332,4.24278,-0.166811,0.863126,0,0
NICO,ar,2024-07-17T00:23:30,USER_IF_L1_SD_CONDITIONAL,G24,G12,-10.7076,0.810408,0.29235,0.694794,0,0
NICO,ar,2024-07-17T00:24:00,USER_IF_WL_SD,G24,G06,-14.9999,0.0281279,0.000147169,0.000276,1,1
NICO,ar,2024-07-17T00:24:00,USER_IF_WL_SD,G24,G12,29,0.0187015,-1.96457e-05,3.1291e-06,1,1
NICO,ar,2024-07-17T00:24:00,USER_IF_WL_SD,G24,G19,12.0307,0.0369543,0.0306873,0.00250205,0,0
NICO,ar,2024-07-17T00:24:00,USER_IF_WL_SD,G24,G25,1.84795,0.0449513,-0.152047,0.0211047,0,0
NICO,ar,2024-07-17T00:24:00,USER_IF_WL_SD,G24,G32,4.13342,0.173682,0.133425,0.341163,0,0
NICO,ar,2024-07-17T00:24:00,USER_IF_L1_SD_CONDITIONAL,G24,G06,43.6642,4.12743,-0.33575,0.861959,0,0
NICO,ar,2024-07-17T00:24:00,USER_IF_L1_SD_CONDITIONAL,G24,G12,-10.8225,0.780184,0.177537,0.683838,0,0
NICO,ar,2024-07-17T00:24:30,USER_IF_WL_SD,G24,G06,-15.0094,0.0263862,-0.00936939,0.000155951,0,1
NICO,ar,2024-07-17T00:24:30,USER_IF_WL_SD,G24,G12,28.9959,0.0175343,-0.00409865,1.29391e-06,0,1
NICO,ar,2024-07-17T00:24:30,USER_IF_WL_SD,G24,G19,12.0137,0.0348379,0.0137482,0.00155675,0,1
NICO,ar,2024-07-17T00:24:30,USER_IF_WL_SD,G24,G25,1.83315,0.0419708,-0.166848,0.0188862,0,0
NICO,ar,2024-07-17T00:24:30,USER_IF_WL_SD,G24,G32,4.10463,0.161913,0.104629,0.312514,0,0
NICO,ar,2024-07-17T00:24:30,USER_IF_L1_SD_CONDITIONAL,G24,G06,43.6344,4.01625,-0.365633,0.860289,0,0
NICO,ar,2024-07-17T00:24:30,USER_IF_L1_SD_CONDITIONAL,G24,G12,-10.9527,0.751304,0.0472527,0.674789,0,0
JPLM,ar,2024-07-17T00:10:00,USER_IF_WL_SD,G21,G02,30.8239,0.340094,-0.176121,0.527184,0,0
JPLM,ar,2024-07-17T00:11:00,USER_IF_WL_SD,G21,G02,30.8647,0.169814,-0.135339,0.334734,0,0
JPLM,ar,2024-07-17T00:11:30,USER_IF_WL_SD,G28,G10,29.3443,0.682681,0.344277,0.673084,0,0
JPLM,ar,2024-07-17T00:11:30,USER_IF_WL_SD,G28,G31,-5.57748,0.295863,0.42252,0.553992,0,0
JPLM,ar,2024-07-17T00:12:00,USER_IF_WL_SD,G28,G10,29.4236,0.342769,0.423602,0.577275,0,0
JPLM,ar,2024-07-17T00:12:00,USER_IF_WL_SD,G28,G31,-5.66972,0.147702,0.330283,0.388005,0,0
JPLM,ar,2024-07-17T00:12:30,USER_IF_WL_SD,G28,G10,29.3885,0.229476,0.388513,0.500325,0,0
JPLM,ar,2024-07-17T00:12:30,USER_IF_WL_SD,G28,G31,-5.72979,0.0983192,0.27021,0.248858,0,0
JPLM,ar,2024-07-17T00:13:00,USER_IF_WL_SD,G28,G10,29.4168,0.172839,0.41676,0.471206,0,0
JPLM,ar,2024-07-17T00:13:00,USER_IF_WL_SD,G28,G31,-5.77731,0.0736311,0.222691,0.137585,0,0
JPLM,ar,2024-07-17T00:13:30,USER_IF_WL_SD,G28,G10,29.3723,0.138863,0.372274,0.406718,0,0
JPLM,ar,2024-07-17T00:13:30,USER_IF_WL_SD,G28,G31,-5.76955,0.0588208,0.230451,0.0935057,0,0
JPLM,ar,2024-07-17T00:14:00,USER_IF_WL_SD,G28,G10,29.2047,0.116219,0.204664,0.248119,0,0
JPLM,ar,2024-07-17T00:14:00,USER_IF_WL_SD,G28,G31,-5.77202,0.0489492,0.227985,0.0590171,0,0
JPLM,ar,2024-07-17T00:14:30,USER_IF_WL_SD,G28,G10,29.1881,0.100049,0.188071,0.195356,0,0
JPLM,ar,2024-07-17T00:14:30,USER_IF_WL_SD,G28,G31,-5.74488,0.0418997,0.255123,0.0511777,0,0
JPLM,ar,2024-07-17T00:15:00,USER_IF_WL_SD,G28,G10,29.2054,0.0879263,0.20543,0.17048,0,0
JPLM,ar,2024-07-17T00:15:00,USER_IF_WL_SD,G28,G31,-5.70852,0.036614,0.291476,0.0548236,0,0
JPLM,ar,2024-07-17T00:15:30,USER_IF_WL_SD,G28,G10,29.2055,0.0785012,0.205535,0.141255,0,0
JPLM,ar,2024-07-17T00:15:30,USER_IF_WL_SD,G28,G31,-5.69577,0.0325041,0.304226,0.0469118,0,0
JPLM,ar,2024-07-17T00:16:00,USER_IF_WL_SD,G28,G10,29.1851,0.0709646,0.185112,0.104567,0,0
JPLM,ar,2024-07-17T00:16:00,USER_IF_WL_SD,G28,G31,-5.69408,0.0292172,0.305917,0.0348455,0,0
JPLM,ar,2024-07-17T00:16:30,USER_IF_WL_SD,G28,G10,29.1733,0.0648015,0.173349,0.0791659,0,0
JPLM,ar,2024-07-17T00:16:30,USER_IF_WL_SD,G28,G31,-5.7045,0.0265288,0.295503,0.0207503,0,0
JPLM,ar,2024-07-17T00:17:00,USER_IF_WL_SD,G28,G10,29.2015,0.0596578,0.201508,0.078123,0,0
JPLM,ar,2024-07-17T00:17:00,USER_IF_WL_SD,G28,G31,-5.70507,0.0242886,0.294929,0.0144636,0,0
JPLM,ar,2024-07-17T00:17:00,USER_IF_WL_SD,G28,G32,39.4913,0.445614,0.491289,0.630931,0,0
JPLM,ar,2024-07-17T00:17:30,USER_IF_WL_SD,G28,G10,29.2003,0.0553036,0.200263,0.063953,0,0
JPLM,ar,2024-07-17T00:17:30,USER_IF_WL_SD,G28,G31,-5.70563,0.022371,0.294369,0.00999198,0,0
JPLM,ar,2024-07-17T00:17:30,USER_IF_WL_SD,G28,G32,39.3659,0.226159,0.365851,0.488309,0,0
JPLM,ar,2024-07-17T00:18:00,USER_IF_WL_SD,G28,G10,29.1711,0.0515737,0.171106,0.0409736,0,0
JPLM,ar,2024-07-17T00:18:00,USER_IF_WL_SD,G28,G31,-5.69996,0.0207306,0.300039,0.00797983,0,0
JPLM,ar,2024-07-17T00:18:00,USER_IF_WL_SD,G28,G32,39.2989,0.152847,0.298941,0.375666,0,0
JPLM,ar,2024-07-17T00:18:30,USER_IF_WL_SD,G28,G10,29.2079,0.048345,0.207879,0.0470776,0,0
JPLM,ar,2024-07-17T00:18:30,USER_IF_WL_SD,G28,G31,-5.69321,0.0193115,0.306785,0.00667579,0,0
JPLM,ar,2024-07-17T00:18:30,USER_IF_WL_SD,G28,G32,39.2377,0.116062,0.237702,0.268005,0,0
JPLM,ar,2024-07-17T00:19:00,USER_IF_WL_SD,G28,G10,29.2248,0.0455236,0.224835,0.0467487,0,0
JPLM,ar,2024-07-17T00:19:00,USER_IF_WL_SD,G28,G26,-13.0473,2.9765,-0.0473309,0.836507,0,0
JPLM,ar,2024-07-17T00:19:00,USER_IF_WL_SD,G28,G31,-5.69556,0.0180726,0.30444,0.00444997,0,0
JPLM,ar,2024-07-17T00:19:00,USER_IF_WL_SD,G28,G32,39.1776,0.093903,0.17761,0.171458,0,0
JPLM,ar,2024-07-17T00:19:30,USER_IF_WL_SD,G28,G10,29.2219,0.0430375,0.221949,0.0382508,0,0
JPLM,ar,2024-07-17T00:19:30,USER_IF_WL_SD,G28,G26,-12.8105,1.47186,0.189517,0.768893,0,0
JPLM,ar,2024-07-17T00:19:30,USER_IF_WL_SD,G28,G31,-5.701,0.0169819,0.299005,0.00268353,0,0
JPLM,ar,2024-07-17T00:19:30,USER_IF_WL_SD,G28,G32,39.164,0.0790687,0.16404,0.118577,0,0
JPLM,ar,2024-07-17T00:20:00,USER_IF_WL_SD,G28,G10,29.1915,0.0408386,0.191535,0.0225881,0,0
JPLM,ar,2024-07-17T00:20:00,USER_IF_WL_SD,G28,G26,-12.6325,0.970837,0.367521,0.723487,0,0
JPLM,ar,2024-07-17T00:20:00,USER_IF_WL_SD,G28,G31,-5.70134,0.0160261,0.298656,0.00186663,0,0
JPLM,ar,2024-07-17T00:20:00,USER_IF_WL_SD,G28,G32,39.1967,0.0685069,0.19668,0.103528,0,0
JPLM,ar,2024-07-17T00:20:30,USER_IF_WL_SD,G28,G10,29.2036,0.0388658,0.203606,0.021716,0,0
JPLM,ar,2024-07-17T00:20:30,USER_IF_WL_SD,G28,G26,-12.5494,0.719756,0.450611,0.690135,0,0
JPLM,ar,2024-07-17T00:20:30,USER_IF_WL_SD,G28,G31,-5.70442,0.0151604,0.295578,0.00117894,0,0
JPLM,ar,2024-07-17T00:20:30,USER_IF_WL_SD,G28,G32,39.1853,0.0604746,0.185337,0.0720257,0,0
JPLM,ar,2024-07-17T00:21:00,USER_IF_WL_SD,G28,G10,29.1777,0.0370989,0.17768,0.0129225,0,0
JPLM,ar,2024-07-17T00:21:00,USER_IF_WL_SD,G28,G26,-12.2665,0.569399,-0.266534,0.63764,0,0
JPLM,ar,2024-07-17T00:21:00,USER_IF_WL_SD,G28,G31,-5.70823,0.014392,0.291774,0.000721034,0,0
JPLM,ar,2024-07-17T00:21:00,USER_IF_WL_SD,G28,G32,39.1868,0.0542484,0.186804,0.0544119,0,0
JPLM,ar,2024-07-17T00:21:30,USER_IF_WL_SD,G28,G10,29.2006,0.0354963,0.200582,0.0145703,0,0
JPLM,ar,2024-07-17T00:21:30,USER_IF_WL_SD,G28,G26,-12.0829,0.468997,-0.0828859,0.589588,0,0
JPLM,ar,2024-07-17T00:21:30,USER_IF_WL_SD,G28,G31,-5.71061,0.0136886,0.28939,0.000455844,0,0
JPLM,ar,2024-07-17T00:21:30,USER_IF_WL_SD,G28,G32,39.1836,0.0492057,0.183574,0.0394814,0,0
JPLM,ar,2024-07-17T00:22:00,USER_IF_WL_SD,G28,G10,29.2066,0.0340415,0.20657,0.0132872,0,0
JPLM,ar,2024-07-17T00:22:00,USER_IF_WL_SD,G28,G26,-11.9309,0.397338,0.0691131,0.553821,0,0
JPLM,ar,2024-07-17T00:22:00,USER_IF_WL_SD,G28,G31,-5.71234,0.0130501,0.287658,0.000292833,0,0
JPLM,ar,2024-07-17T00:22:00,USER_IF_WL_SD,G28,G32,39.1976,0.0450664,0.197563,0.0341232,0,0
JPLM,ar,2024-07-17T00:22:30,USER_IF_WL_SD,G28,G10,29.2175,0.0327151,0.217512,0.013176,0,0
JPLM,ar,2024-07-17T00:22:30,USER_IF_WL_SD,G28,G26,-11.8111,0.343644,0.188907,0.531116,0,0
JPLM,ar,2024-07-17T00:22:30,USER_IF_WL_SD,G28,G31,-5.70995,0.0124681,0.290054,0.000220512,0,0
JPLM,ar,2024-07-17T00:22:30,USER_IF_WL_SD,G28,G32,39.2321,0.0416062,0.232082,0.0385711,0,0
JPLM,ar,2024-07-17T00:23:00,USER_IF_WL_SD,G28,G10,29.2262,0.0315011,0.22625,0.0128139,0,0
JPLM,ar,2024-07-17T00:23:00,USER_IF_WL_SD,G28,G26,-11.715,0.301927,0.28496,0.519996,0,0
JPLM,ar,2024-07-17T00:23:00,USER_IF_WL_SD,G28,G31,-5.70706,0.0119353,0.292942,0.000170908,0,0
JPLM,ar,2024-07-17T00:23:00,USER_IF_WL_SD,G28,G32,39.2673,0.0386697,0.267293,0.0470697,0,0
JPLM,ar,2024-07-17T00:23:30,USER_IF_WL_SD,G28,G10,29.2208,0.0303892,0.220817,0.0100233,0,0
JPLM,ar,2024-07-17T00:23:30,USER_IF_WL_SD,G28,G31,-5.70384,0.0114511,0.296158,0.000136301,0,0
JPLM,ar,2024-07-17T00:23:30,USER_IF_WL_SD,G28,G32,39.2916,0.0361607,0.291629,0.0531075,0,0
JPLM,ar,2024-07-17T00:24:00,USER_IF_WL_SD,G28,G10,29.1903,0.0293641,0.190273,0.00510525,0,0
JPLM,ar,2024-07-17T00:24:00,USER_IF_WL_SD,G28,G26,-11.6228,0.267801,0.37723,0.522678,0,0
JPLM,ar,2024-07-17T00:24:00,USER_IF_WL_SD,G28,G31,-5.70781,0.0110043,0.292191,7.93026e-05,0,0
JPLM,ar,2024-07-17T00:24:00,USER_IF_WL_SD,G28,G32,39.2872,0.0339783,0.287186,0.0418303,0,0
JPLM,ar,2024-07-17T00:24:30,USER_IF_WL_SD,G28,G10,29.1736,0.0284163,0.17355,0.00319861,0,0
JPLM,ar,2024-07-17T00:24:30,USER_IF_WL_SD,G28,G26,-11.6504,0.240189,0.349572,0.493105,0,0
JPLM,ar,2024-07-17T00:24:30,USER_IF_WL_SD,G28,G31,-5.71238,0.0105907,0.287619,4.41989e-05,0,0
JPLM,ar,2024-07-17T00:24:30,USER_IF_WL_SD,G28,G32,39.2755,0.0320624,0.275507,0.0292926,0,0
