station,mode,time,east_m,north_m,up_m,horizontal_m,error_3d_m,ambiguity_states,product_eligible_ambiguity_states,common_component_satellites,named_rank,wl_stage_selected,wl_stage_passed,l1_stage_selected,l1_stage_passed,newly_fixed,held_integer_rank,ar_summary_present
MARS,float,2024-07-17T00:03:00,-0.488747,0.29678,-1.91546,0.5717971654433065,1.998984494689491,7,0,,,0,False,0,False,0,,False
MARS,float,2024-07-17T00:03:30,-0.242396,0.438853,-0.13666,0.501345964803747,0.519638077920585,7,0,,,0,False,0,False,0,,False
MARS,float,2024-07-17T00:04:00,-0.327171,0.513653,-0.292114,0.6089993987271252,0.6754338284732265,7,0,,,0,False,0,False,0,,False
MARS,float,2024-07-17T00:04:30,-0.318628,0.63661,-0.197564,0.7118961261897694,0.7388014811706863,6,0,,,0,False,0,False,0,,False
MARS,float,2024-07-17T00:05:00,-0.233157,0.627928,-0.252346,0.6698177064194407,0.7157752884453332,7,0,,,0,False,0,False,0,,False
MARS,float,2024-07-17T00:05:30,-0.142172,0.653063,-0.210915,0.6683593042316385,0.7008489828615005,6,0,,,0,False,0,False,0,,False
MARS,float,2024-07-17T00:06:00,-0.0617046,0.6528,-0.147533,0.6557097663304704,0.6721021378854258,6,0,,,0,False,0,False,0,,False
MARS,float,2024-07-17T00:06:30,-0.0210189,0.579698,-0.0954395,0.5800789302855346,0.5878777623974732,6,0,,,0,False,0,False,0,,False
MARS,float,2024-07-17T00:07:00,-0.0062897,0.479761,-0.0913309,0.4798022274303132,0.4884173530310937,6,0,,,0,False,0,False,0,,False
MARS,float,2024-07-17T00:07:30,-0.0130997,0.398038,-0.143956,0.398253501659546,0.42347276361070735,6,0,,,0,False,0,False,0,,False
MARS,float,2024-07-17T00:08:00,-0.0447091,0.318974,-0.19419,0.32209209288464374,0.37610247592751894,6,0,,,0,False,0,False,0,,False
MARS,float,2024-07-17T00:08:30,-0.0857958,0.265025,-0.238437,0.27856627563766584,0.36667611442748765,6,0,,,0,False,0,False,0,,False
MARS,float,2024-07-17T00:09:00,-0.122561,0.23312,-0.269756,0.2633745111452511,0.37700720504653484,6,0,,,0,False,0,False,0,,False
MARS,float,2024-07-17T00:09:30,-0.150684,0.255266,-0.240652,0.2964226688564827,0.38181118856838125,6,0,,,0,False,0,False,0,,False
MARS,float,2024-07-17T00:10:00,-0.17526,0.269746,-0.221108,0.3216814761779111,0.390343079585126,6,0,,,0,False,0,False,0,,False
MARS,float,2024-07-17T00:10:30,-0.193857,0.287138,-0.200666,0.3464516813251164,0.40036934329316476,6,5,,,0,False,0,False,0,,False
MARS,float,2024-07-17T00:11:00,-0.215478,0.291246,-0.187575,0.3622913206247149,0.4079698293072663,6,0,,,0,False,0,False,0,,False
MARS,float,2024-07-17T00:11:30,-0.244521,0.280852,-0.16509,0.3723820153350588,0.40733656040797517,6,0,,,0,False,0,False,0,,False
MARS,float,2024-07-17T00:12:00,-0.268477,0.261092,-0.132393,0.3744982403069472,0.3972113271823955,7,0,,,0,False,0,False,0,,False
MARS,float,2024-07-17T00:12:30,-4.95095,-10.1938,-7.19475,11.332495944958461,13.423482853008007,7,0,,,0,False,0,False,0,,False
MARS,float,2024-07-17T00:13:00,-4.47707,-9.69415,-6.70822,10.67804757469267,12.610349542173683,7,0,,,0,False,0,False,0,,False
MARS,float,2024-07-17T00:13:30,-4.07012,-8.97778,-6.8277,9.857302396842657,11.990992362302629,7,0,,,0,False,0,False,0,,False
MARS,float,2024-07-17T00:14:00,-3.69178,-8.31804,-7.03697,9.100496085928503,11.503824398472883,7,0,,,0,False,0,False,0,,False
MARS,float,2024-07-17T00:14:30,-3.38225,-7.76033,-7.14796,8.46536099474795,11.07951573549133,7,0,,,0,False,0,False,0,,False
MARS,float,2024-07-17T00:15:00,-3.1672,-7.33069,-6.98733,7.985622813287639,10.610982623913772,7,0,,,0,False,0,False,0,,False
MARS,float,2024-07-17T00:15:30,-3.01205,-6.97822,-6.72842,7.6005262693381965,10.150844066741445,7,0,,,0,False,0,False,0,,False
MARS,float,2024-07-17T00:16:00,-2.87467,-6.66465,-6.43551,7.258187599628436,9.700364745281489,7,0,,,0,False,0,False,0,,False
MARS,float,2024-07-17T00:16:30,-2.78579,-6.49755,-6.29611,7.069567308301124,9.466772578798965,6,0,,,0,False,0,False,0,,False
MARS,float,2024-07-17T00:17:00,-2.70689,-6.32927,-6.14785,6.88381523611725,9.229462163501188,6,5,,,0,False,0,False,0,,False
MARS,float,2024-07-17T00:17:30,-2.63542,-6.15814,-6.01686,6.698367475437579,9.003928647851449,6,5,,,0,False,0,False,0,,False
MARS,float,2024-07-17T00:18:00,-2.55617,-5.92335,-5.75946,6.451362669343586,8.648205581679935,7,5,,,0,False,0,False,0,,False
MARS,float,2024-07-17T00:18:30,-2.4714,-5.68797,-5.55808,6.201678859865287,8.32784930022752,7,5,,,0,False,0,False,0,,False
MARS,float,2024-07-17T00:19:00,-2.40045,-5.53482,-5.45769,6.032942286720469,8.13527951400565,6,5,,,0,False,0,False,0,,False
MARS,float,2024-07-17T00:19:30,-2.33876,-5.4041,-5.33889,5.888471376138293,7.9484490046612235,6,5,,,0,False,0,False,0,,False
MARS,float,2024-07-17T00:20:00,-2.26017,-5.18391,-5.13001,5.655200378147533,7.635331945442844,7,5,,,0,False,0,False,0,,False
MARS,float,2024-07-17T00:20:30,-2.20138,-5.06998,-5.03552,5.527275197129233,7.477113933544145,6,6,,,0,False,0,False,0,,False
MARS,float,2024-07-17T00:21:00,-2.12641,-4.84824,-4.83654,5.294058045176686,7.170716125834295,7,5,,,0,False,0,False,0,,False
MARS,float,2024-07-17T00:21:30,-2.06081,-4.65342,-4.6313,5.089327613005474,6.8811478143184805,7,6,,,0,False,0,False,0,,False
MARS,float,2024-07-17T00:22:00,-2.01616,-4.55106,-4.52932,4.977654896555204,6.729917379255112,6,6,,,0,False,0,False,0,,False
MARS,float,2024-07-17T00:22:30,-1.97163,-4.43277,-4.41934,4.851471398431614,6.562571200787081,6,6,,,0,False,0,False,0,,False
MARS,float,2024-07-17T00:23:00,-1.91994,-4.2613,-4.20605,4.67384716198551,6.287742352871975,7,6,,,0,False,0,False,0,,False
MARS,float,2024-07-17T00:23:30,-1.87365,-4.12212,-4.07283,4.527961750821223,6.090187339138263,6,5,,,0,False,0,False,0,,False
MARS,float,2024-07-17T00:24:00,-1.82466,-3.9467,-3.8635,4.3480829115369914,5.816567480533515,7,5,,,0,False,0,False,0,,False
MARS,float,2024-07-17T00:24:30,-1.78712,-3.82527,-3.75267,4.222142639383469,5.648807006457204,6,5,,,0,False,0,False,0,,False
MARS,ar,2024-07-17T00:03:00,-0.488747,0.29678,-1.91546,0.5717971654433065,1.998984494689491,7,0,,,0,False,0,False,0,,False
MARS,ar,2024-07-17T00:03:30,-0.242396,0.438853,-0.13666,0.501345964803747,0.519638077920585,7,0,,,0,False,0,False,0,,False
MARS,ar,2024-07-17T00:04:00,-0.327171,0.513653,-0.292114,0.6089993987271252,0.6754338284732265,7,0,,,0,False,0,False,0,,False
MARS,ar,2024-07-17T00:04:30,-0.318628,0.63661,-0.197564,0.7118961261897694,0.7388014811706863,6,0,,,0,False,0,False,0,,False
MARS,ar,2024-07-17T00:05:00,-0.233157,0.627928,-0.252346,0.6698177064194407,0.7157752884453332,7,0,,,0,False,0,False,0,,False
MARS,ar,2024-07-17T00:05:30,-0.142172,0.653063,-0.210915,0.6683593042316385,0.7008489828615005,6,0,,,0,False,0,False,0,,False
MARS,ar,2024-07-17T00:06:00,-0.0617046,0.6528,-0.147533,0.6557097663304704,0.6721021378854258,6,0,,,0,False,0,False,0,,False
MARS,ar,2024-07-17T00:06:30,-0.0210189,0.579698,-0.0954395,0.5800789302855346,0.5878777623974732,6,0,,,0,False,0,False,0,,False
MARS,ar,2024-07-17T00:07:00,-0.0062897,0.479761,-0.0913309,0.4798022274303132,0.4884173530310937,6,0,,,0,False,0,False,0,,False
MARS,ar,2024-07-17T00:07:30,-0.0130997,0.398038,-0.143956,0.398253501659546,0.42347276361070735,6,0,,,0,False,0,False,0,,False
MARS,ar,2024-07-17T00:08:00,-0.0447091,0.318974,-0.19419,0.32209209288464374,0.37610247592751894,6,0,,,0,False,0,False,0,,False
MARS,ar,2024-07-17T00:08:30,-0.0857958,0.265025,-0.238437,0.27856627563766584,0.36667611442748765,6,0,,,0,False,0,False,0,,False
MARS,ar,2024-07-17T00:09:00,-0.122561,0.23312,-0.269756,0.2633745111452511,0.37700720504653484,6,0,,,0,False,0,False,0,,False
MARS,ar,2024-07-17T00:09:30,-0.150684,0.255266,-0.240652,0.2964226688564827,0.38181118856838125,6,0,,,0,False,0,False,0,,False
MARS,ar,2024-07-17T00:10:00,-0.17526,0.269746,-0.221108,0.3216814761779111,0.390343079585126,6,0,,,0,False,0,False,0,,False
MARS,ar,2024-07-17T00:10:30,-0.193857,0.287138,-0.200666,0.3464516813251164,0.40036934329316476,6,5,6,5,0,False,0,False,0,0,True
MARS,ar,2024-07-17T00:11:00,-0.215478,0.291246,-0.187575,0.3622913206247149,0.4079698293072663,6,0,,,0,False,0,False,0,,False
MARS,ar,2024-07-17T00:11:30,-0.244521,0.280852,-0.16509,0.3723820153350588,0.40733656040797517,6,0,,,0,False,0,False,0,,False
MARS,ar,2024-07-17T00:12:00,-0.268477,0.261092,-0.132393,0.3744982403069472,0.3972113271823955,7,0,,,0,False,0,False,0,,False
MARS,ar,2024-07-17T00:12:30,-4.95095,-10.1938,-7.19475,11.332495944958461,13.423482853008007,7,0,,,0,False,0,False,0,,False
MARS,ar,2024-07-17T00:13:00,-4.47707,-9.69415,-6.70822,10.67804757469267,12.610349542173683,7,0,,,0,False,0,False,0,,False
MARS,ar,2024-07-17T00:13:30,-4.07012,-8.97778,-6.8277,9.857302396842657,11.990992362302629,7,0,,,0,False,0,False,0,,False
MARS,ar,2024-07-17T00:14:00,-3.69178,-8.31804,-7.03697,9.100496085928503,11.503824398472883,7,0,,,0,False,0,False,0,,False
MARS,ar,2024-07-17T00:14:30,-3.38225,-7.76033,-7.14796,8.46536099474795,11.07951573549133,7,0,,,0,False,0,False,0,,False
MARS,ar,2024-07-17T00:15:00,-3.1672,-7.33069,-6.98733,7.985622813287639,10.610982623913772,7,0,,,0,False,0,False,0,,False
MARS,ar,2024-07-17T00:15:30,-3.01205,-6.97822,-6.72842,7.6005262693381965,10.150844066741445,7,0,,,0,False,0,False,0,,False
MARS,ar,2024-07-17T00:16:00,-2.87467,-6.66465,-6.43551,7.258187599628436,9.700364745281489,7,0,,,0,False,0,False,0,,False
MARS,ar,2024-07-17T00:16:30,-2.78579,-6.49755,-6.29611,7.069567308301124,9.466772578798965,6,0,,,0,False,0,False,0,,False
MARS,ar,2024-07-17T00:17:00,-2.70689,-6.32927,-6.14785,6.88381523611725,9.229462163501188,6,5,6,5,0,False,0,False,0,0,True
MARS,ar,2024-07-17T00:17:30,-2.63542,-6.15814,-6.01686,6.698367475437579,9.003928647851449,6,5,6,5,0,False,0,False,0,0,True
MARS,ar,2024-07-17T00:18:00,-2.55617,-5.92335,-5.75946,6.451362669343586,8.648205581679935,7,5,6,5,0,False,0,False,0,0,True
MARS,ar,2024-07-17T00:18:30,-2.4714,-5.68797,-5.55808,6.201678859865287,8.32784930022752,7,5,6,5,0,False,0,False,0,0,True
MARS,ar,2024-07-17T00:19:00,-2.40045,-5.53482,-5.45769,6.032942286720469,8.13527951400565,6,5,6,5,0,False,0,False,0,0,True
MARS,ar,2024-07-17T00:19:30,-2.33876,-5.4041,-5.33889,5.888471376138293,7.9484490046612235,6,5,6,5,0,False,0,False,0,0,True
MARS,ar,2024-07-17T00:20:00,-2.26017,-5.18391,-5.13001,5.655200378147533,7.635331945442844,7,5,6,5,0,False,0,False,0,0,True
MARS,ar,2024-07-17T00:20:30,-2.20138,-5.06998,-5.03552,5.527275197129233,7.477113933544145,6,6,7,6,0,False,0,False,0,0,True
MARS,ar,2024-07-17T00:21:00,-2.12641,-4.84824,-4.83654,5.294058045176686,7.170716125834295,7,5,6,5,0,False,0,False,0,0,True
MARS,ar,2024-07-17T00:21:30,-2.06081,-4.65342,-4.6313,5.089327613005474,6.8811478143184805,7,6,7,6,0,False,0,False,0,0,True
MARS,ar,2024-07-17T00:22:00,-2.01616,-4.55106,-4.52932,4.977654896555204,6.729917379255112,6,6,7,6,2,True,0,False,0,0,True
MARS,ar,2024-07-17T00:22:30,-1.97163,-4.43277,-4.41934,4.851471398431614,6.562571200787081,6,6,7,6,2,True,0,False,0,0,True
MARS,ar,2024-07-17T00:23:00,-1.91994,-4.2613,-4.20605,4.67384716198551,6.287742352871975,7,6,7,6,0,False,0,False,0,0,True
MARS,ar,2024-07-17T00:23:30,-1.87365,-4.12212,-4.07283,4.527961750821223,6.090187339138263,6,5,6,5,3,True,0,False,0,0,True
MARS,ar,2024-07-17T00:24:00,-1.82466,-3.9467,-3.8635,4.3480829115369914,5.816567480533515,7,5,6,5,3,True,0,False,0,0,True
MARS,ar,2024-07-17T00:24:30,-1.78712,-3.82527,-3.75267,4.222142639383469,5.648807006457204,6,5,6,5,3,True,0,False,0,0,True
DYNG,float,2024-07-17T00:03:00,-0.168548,0.945416,-2.18773,0.9603227797777162,2.3892221316277817,7,0,,,0,False,0,False,0,,False
DYNG,float,2024-07-17T00:03:30,0.445791,0.0166159,0.739088,0.44610055347848426,0.8632825583537582,6,0,,,0,False,0,False,0,,False
DYNG,float,2024-07-17T00:04:00,0.629432,0.269668,-1.28896,0.6847667287828754,1.4595627271371383,5,0,,,0,False,0,False,0,,False
DYNG,float,2024-07-17T00:04:30,0.567456,0.51216,-0.999735,0.7644044593904459,1.2584849016817803,6,0,,,0,False,0,False,0,,False
DYNG,float,2024-07-17T00:05:00,0.480945,0.338872,-0.774975,0.5883386145826228,0.9729997821346107,6,0,,,0,False,0,False,0,,False
DYNG,float,2024-07-17T00:05:30,0.490479,0.318084,-0.502681,0.5845913790820045,0.7709962829080307,6,0,,,0,False,0,False,0,,False
DYNG,float,2024-07-17T00:06:00,0.541855,0.375535,-0.358169,0.6592673033375764,0.7502788880216475,6,0,,,0,False,0,False,0,,False
DYNG,float,2024-07-17T00:06:30,0.546103,0.380035,-0.571477,0.6653232957247176,0.8770638798645171,5,0,,,0,False,0,False,0,,False
DYNG,float,2024-07-17T00:07:00,0.488763,0.660244,-0.363173,0.8214690558414237,0.8981681566577608,6,0,,,0,False,0,False,0,,False
DYNG,float,2024-07-17T00:07:30,0.44435,0.714412,-0.351567,0.8413271826370524,0.9118282643858986,6,0,,,0,False,0,False,0,,False
DYNG,float,2024-07-17T00:08:00,0.439672,0.676578,-0.390651,0.8068886277969222,0.8964805973745333,5,0,,,0,False,0,False,0,,False
DYNG,float,2024-07-17T00:08:30,0.49385,0.705239,-0.191789,0.8609586921687938,0.8820617269454558,6,0,,,0,False,0,False,0,,False
DYNG,float,2024-07-17T00:09:00,0.536832,0.72593,0.00290771,0.9028637555711271,0.9028684377590369,6,0,,,0,False,0,False,0,,False
DYNG,float,2024-07-17T00:09:30,0.526575,0.745461,0.121845,0.9126846844042033,0.9207820247870828,6,0,,,0,False,0,False,0,,False
DYNG,float,2024-07-17T00:10:00,0.498472,0.800193,0.217208,0.9427529750857326,0.967451542609241,6,0,,,0,False,0,False,0,,False
DYNG,float,2024-07-17T00:10:30,0.490428,0.820761,0.238116,0.9561214579251948,0.9853260738258173,6,5,,,0,False,0,False,0,,False
DYNG,float,2024-07-17T00:11:00,0.466052,0.786297,0.238697,0.914039079532708,0.9446923820598958,6,0,,,0,False,0,False,0,,False
DYNG,float,2024-07-17T00:11:30,0.464659,0.740767,0.256062,0.874439097118833,0.9111594165753871,6,0,,,0,False,0,False,0,,False
DYNG,float,2024-07-17T00:12:00,0.456368,0.698471,0.277146,0.8343461447534829,0.8791719937424075,6,0,,,0,False,0,False,0,,False
DYNG,float,2024-07-17T00:12:30,0.450824,0.635501,0.31742,0.779168659519234,0.8413437207093186,5,0,,,0,False,0,False,0,,False
DYNG,float,2024-07-17T00:13:00,0.456687,0.662192,0.427959,0.8044011815213848,0.9111586944731417,6,0,,,0,False,0,False,0,,False
DYNG,float,2024-07-17T00:13:30,0.408721,0.589196,0.322178,0.7170807362194302,0.7861319519908856,6,0,,,0,False,0,False,0,,False
DYNG,float,2024-07-17T00:14:00,0.386377,0.57071,0.27568,0.6892003266315245,0.7422914202851869,6,0,,,0,False,0,False,0,,False
DYNG,float,2024-07-17T00:14:30,0.357362,0.576549,0.234505,0.6783187661011598,0.7177109052188074,6,0,,,0,False,0,False,0,,False
DYNG,float,2024-07-17T00:15:00,0.339305,0.584669,0.193874,0.6759923983196853,0.7032445168374937,6,0,,,0,False,0,False,0,,False
DYNG,float,2024-07-17T00:15:30,0.307167,0.579644,0.165824,0.6560020827901387,0.6766360407198245,6,0,,,0,False,0,False,0,,False
DYNG,float,2024-07-17T00:16:00,0.305053,0.574655,0.197765,0.6506041053006045,0.6799975713625749,6,0,,,0,False,0,False,0,,False
DYNG,float,2024-07-17T00:16:30,0.304601,0.583971,0.243385,0.6586379111788206,0.7021681823231526,6,0,,,0,False,0,False,0,,False
DYNG,float,2024-07-17T00:17:00,0.302176,0.565507,0.27715,0.6411774341202285,0.6985131527215505,6,5,,,0,False,0,False,0,,False
DYNG,float,2024-07-17T00:17:30,0.295663,0.505122,0.252754,0.5852903932690164,0.6375338649585605,6,5,,,0,False,0,False,0,,False
DYNG,float,2024-07-17T00:18:00,0.293399,0.467733,0.27224,0.5521386895427634,0.6156068145253105,6,5,,,0,False,0,False,0,,False
DYNG,float,2024-07-17T00:18:30,0.285778,0.454727,0.289101,0.5370714196575721,0.6099386018395622,6,5,,,0,False,0,False,0,,False
DYNG,float,2024-07-17T00:19:00,0.270852,0.427296,0.290281,0.5059077757062052,0.5832715803817292,6,5,,,0,False,0,False,0,,False
DYNG,float,2024-07-17T00:19:30,0.259197,0.386641,0.264628,0.46548291879509396,0.5354459133040423,6,5,,,0,False,0,False,0,,False
DYNG,float,2024-07-17T00:20:00,0.253836,0.360883,0.299562,0.4412133889457572,0.5332978965165717,6,5,,,0,False,0,False,0,,False
DYNG,float,2024-07-17T00:20:30,0.256474,0.350113,0.302441,0.4340023334557085,0.5289882644501672,6,6,,,0,False,0,False,0,,False
DYNG,float,2024-07-17T00:21:00,0.255556,0.348134,0.302753,0.4318635792608587,0.5274140025643992,6,5,,,0,False,0,False,0,,False
DYNG,float,2024-07-17T00:21:30,0.264297,0.367545,0.345746,0.45270545748201446,0.5696336785601779,6,6,,,0,False,0,False,0,,False
DYNG,float,2024-07-17T00:22:00,0.261084,0.374822,0.374593,0.4567892147807345,0.5907421623593495,6,6,,,0,False,0,False,0,,False
DYNG,float,2024-07-17T00:22:30,0.270255,0.400953,0.426154,0.4835298059416813,0.6445217645277777,6,6,,,0,False,0,False,0,,False
DYNG,float,2024-07-17T00:23:00,0.258633,0.400459,0.413333,0.4767163091084676,0.6309537290950898,6,6,,,0,False,0,False,0,,False
DYNG,float,2024-07-17T00:23:30,0.241375,0.382618,0.377408,0.4523918926649769,0.5891478787307988,6,5,,,0,False,0,False,0,,False
DYNG,float,2024-07-17T00:24:00,0.223146,0.371403,0.35283,0.43328319344858046,0.5587694825462464,6,5,,,0,False,0,False,0,,False
DYNG,float,2024-07-17T00:24:30,0.214126,0.361599,0.349172,0.42024252602158196,0.5463742913617001,6,5,,,0,False,0,False,0,,False
DYNG,ar,2024-07-17T00:03:00,-0.168548,0.945416,-2.18773,0.9603227797777162,2.3892221316277817,7,0,,,0,False,0,False,0,,False
DYNG,ar,2024-07-17T00:03:30,0.445791,0.0166159,0.739088,0.44610055347848426,0.8632825583537582,6,0,,,0,False,0,False,0,,False
DYNG,ar,2024-07-17T00:04:00,0.629432,0.269668,-1.28896,0.6847667287828754,1.4595627271371383,5,0,,,0,False,0,False,0,,False
DYNG,ar,2024-07-17T00:04:30,0.567456,0.51216,-0.999735,0.7644044593904459,1.2584849016817803,6,0,,,0,False,0,False,0,,False
DYNG,ar,2024-07-17T00:05:00,0.480945,0.338872,-0.774975,0.5883386145826228,0.9729997821346107,6,0,,,0,False,0,False,0,,False
DYNG,ar,2024-07-17T00:05:30,0.490479,0.318084,-0.502681,0.5845913790820045,0.7709962829080307,6,0,,,0,False,0,False,0,,False
DYNG,ar,2024-07-17T00:06:00,0.541855,0.375535,-0.358169,0.6592673033375764,0.7502788880216475,6,0,,,0,False,0,False,0,,False
DYNG,ar,2024-07-17T00:06:30,0.546103,0.380035,-0.571477,0.6653232957247176,0.8770638798645171,5,0,,,0,False,0,False,0,,False
DYNG,ar,2024-07-17T00:07:00,0.488763,0.660244,-0.363173,0.8214690558414237,0.8981681566577608,6,0,,,0,False,0,False,0,,False
DYNG,ar,2024-07-17T00:07:30,0.44435,0.714412,-0.351567,0.8413271826370524,0.9118282643858986,6,0,,,0,False,0,False,0,,False
DYNG,ar,2024-07-17T00:08:00,0.439672,0.676578,-0.390651,0.8068886277969222,0.8964805973745333,5,0,,,0,False,0,False,0,,False
DYNG,ar,2024-07-17T00:08:30,0.49385,0.705239,-0.191789,0.8609586921687938,0.8820617269454558,6,0,,,0,False,0,False,0,,False
DYNG,ar,2024-07-17T00:09:00,0.536832,0.72593,0.00290771,0.9028637555711271,0.9028684377590369,6,0,,,0,False,0,False,0,,False
DYNG,ar,2024-07-17T00:09:30,0.526575,0.745461,0.121845,0.9126846844042033,0.9207820247870828,6,0,,,0,False,0,False,0,,False
DYNG,ar,2024-07-17T00:10:00,0.498472,0.800193,0.217208,0.9427529750857326,0.967451542609241,6,0,,,0,False,0,False,0,,False
DYNG,ar,2024-07-17T00:10:30,0.490428,0.820761,0.238116,0.9561214579251948,0.9853260738258173,6,5,6,5,0,False,0,False,0,0,True
DYNG,ar,2024-07-17T00:11:00,0.466052,0.786297,0.238697,0.914039079532708,0.9446923820598958,6,0,,,0,False,0,False,0,,False
DYNG,ar,2024-07-17T00:11:30,0.464659,0.740767,0.256062,0.874439097118833,0.9111594165753871,6,0,,,0,False,0,False,0,,False
DYNG,ar,2024-07-17T00:12:00,0.456368,0.698471,0.277146,0.8343461447534829,0.8791719937424075,6,0,,,0,False,0,False,0,,False
DYNG,ar,2024-07-17T00:12:30,0.450824,0.635501,0.31742,0.779168659519234,0.8413437207093186,5,0,,,0,False,0,False,0,,False
DYNG,ar,2024-07-17T00:13:00,0.456687,0.662192,0.427959,0.8044011815213848,0.9111586944731417,6,0,,,0,False,0,False,0,,False
DYNG,ar,2024-07-17T00:13:30,0.408721,0.589196,0.322178,0.7170807362194302,0.7861319519908856,6,0,,,0,False,0,False,0,,False
DYNG,ar,2024-07-17T00:14:00,0.386377,0.57071,0.27568,0.6892003266315245,0.7422914202851869,6,0,,,0,False,0,False,0,,False
DYNG,ar,2024-07-17T00:14:30,0.357362,0.576549,0.234505,0.6783187661011598,0.7177109052188074,6,0,,,0,False,0,False,0,,False
DYNG,ar,2024-07-17T00:15:00,0.339305,0.584669,0.193874,0.6759923983196853,0.7032445168374937,6,0,,,0,False,0,False,0,,False
DYNG,ar,2024-07-17T00:15:30,0.307167,0.579644,0.165824,0.6560020827901387,0.6766360407198245,6,0,,,0,False,0,False,0,,False
DYNG,ar,2024-07-17T00:16:00,0.305053,0.574655,0.197765,0.6506041053006045,0.6799975713625749,6,0,,,0,False,0,False,0,,False
DYNG,ar,2024-07-17T00:16:30,0.304601,0.583971,0.243385,0.6586379111788206,0.7021681823231526,6,0,,,0,False,0,False,0,,False
DYNG,ar,2024-07-17T00:17:00,0.302176,0.565507,0.27715,0.6411774341202285,0.6985131527215505,6,5,6,5,0,False,0,False,0,0,True
DYNG,ar,2024-07-17T00:17:30,0.295663,0.505122,0.252754,0.5852903932690164,0.6375338649585605,6,5,6,5,0,False,0,False,0,0,True
DYNG,ar,2024-07-17T00:18:00,0.293399,0.467733,0.27224,0.5521386895427634,0.6156068145253105,6,5,6,5,0,False,0,False,0,0,True
DYNG,ar,2024-07-17T00:18:30,0.285778,0.454727,0.289101,0.5370714196575721,0.6099386018395622,6,5,6,5,0,False,0,False,0,0,True
DYNG,ar,2024-07-17T00:19:00,0.270852,0.427296,0.290281,0.5059077757062052,0.5832715803817292,6,5,6,5,0,False,0,False,0,0,True
DYNG,ar,2024-07-17T00:19:30,0.259197,0.386641,0.264628,0.46548291879509396,0.5354459133040423,6,5,6,5,0,False,0,False,0,0,True
DYNG,ar,2024-07-17T00:20:00,0.253836,0.360883,0.299562,0.4412133889457572,0.5332978965165717,6,5,6,5,0,False,0,False,0,0,True
DYNG,ar,2024-07-17T00:20:30,0.256474,0.350113,0.302441,0.4340023334557085,0.5289882644501672,6,6,7,6,1,True,0,False,0,0,True
DYNG,ar,2024-07-17T00:21:00,0.255556,0.348134,0.302753,0.4318635792608587,0.5274140025643992,6,5,6,5,1,True,0,False,0,0,True
DYNG,ar,2024-07-17T00:21:30,0.264297,0.367545,0.345746,0.45270545748201446,0.5696336785601779,6,6,7,6,1,True,0,False,0,0,True
DYNG,ar,2024-07-17T00:22:00,0.261084,0.374822,0.374593,0.4567892147807345,0.5907421623593495,6,6,7,6,1,True,0,False,0,0,True
DYNG,ar,2024-07-17T00:22:30,0.270255,0.400953,0.426154,0.4835298059416813,0.6445217645277777,6,6,7,6,1,True,0,False,0,0,True
DYNG,ar,2024-07-17T00:23:00,0.258633,0.400459,0.413333,0.4767163091084676,0.6309537290950898,6,6,7,6,1,True,0,False,0,0,True
DYNG,ar,2024-07-17T00:23:30,0.241375,0.382618,0.377408,0.4523918926649769,0.5891478787307988,6,5,6,5,2,True,0,False,0,0,True
DYNG,ar,2024-07-17T00:24:00,0.223146,0.371403,0.35283,0.43328319344858046,0.5587694825462464,6,5,6,5,2,True,0,False,0,0,True
DYNG,ar,2024-07-17T00:24:30,0.214126,0.361599,0.349172,0.42024252602158196,0.5463742913617001,6,5,6,5,2,True,0,False,0,0,True
NICO,float,2024-07-17T00:03:00,-0.0568621,-0.434299,-1.66956,0.43800561619391365,1.7260589542125755,8,0,,,0,False,0,False,0,,False
NICO,float,2024-07-17T00:03:30,2.47756,0.487355,-5.14978,2.525038306565863,5.735508041841193,7,0,,,0,False,0,False,0,,False
NICO,float,2024-07-17T00:04:00,1.64257,0.413377,-3.7288,1.6937876930208815,4.095468982794157,7,0,,,0,False,0,False,0,,False
NICO,float,2024-07-17T00:04:30,1.27253,0.290349,-3.01097,1.305233750215263,3.281703137640728,7,0,,,0,False,0,False,0,,False
NICO,float,2024-07-17T00:05:00,1.08502,-0.0290807,-2.66844,1.0854096404180729,2.8807440221429754,7,0,,,0,False,0,False,0,,False
NICO,float,2024-07-17T00:05:30,0.98678,-0.374016,-2.4284,1.0552832494908653,2.6477819579142086,7,0,,,0,False,0,False,0,,False
NICO,float,2024-07-17T00:06:00,0.925372,-0.394063,-2.17804,1.005782772945033,2.399053402480445,7,0,,,0,False,0,False,0,,False
NICO,float,2024-07-17T00:06:30,0.859055,-0.247557,-1.87606,0.8940134010595143,2.078186970624636,7,0,,,0,False,0,False,0,,False
NICO,float,2024-07-17T00:07:00,0.776161,-0.177269,-1.69585,0.7961470946263636,1.8734346582632662,7,0,,,0,False,0,False,0,,False
NICO,float,2024-07-17T00:07:30,0.686406,-0.0707672,-1.5262,0.6900443416417817,1.674947053918971,7,0,,,0,False,0,False,0,,False
NICO,float,2024-07-17T00:08:00,0.633563,0.0286855,-1.38328,0.6342120567123034,1.5217386409233518,7,0,,,0,False,0,False,0,,False
NICO,float,2024-07-17T00:08:30,0.599188,0.104299,-1.19586,0.6081977809438308,1.3416354498689276,8,0,,,0,False,0,False,0,,False
NICO,float,2024-07-17T00:09:00,0.559157,0.152524,-1.05786,0.5795861637625591,1.2062287929016617,8,0,,,0,False,0,False,0,,False
NICO,float,2024-07-17T00:09:30,0.522482,0.153862,-0.90108,0.5446659117000071,1.0529036621495815,8,0,,,0,False,0,False,0,,False
NICO,float,2024-07-17T00:10:00,0.508876,0.137773,-0.712787,0.527196531575275,0.8865672508467701,8,0,,,0,False,0,False,0,,False
NICO,float,2024-07-17T00:10:30,0.507849,0.0974022,-0.5389,0.5171052072507489,0.7468674617131477,8,6,,,0,False,0,False,0,,False
NICO,float,2024-07-17T00:11:00,0.521006,0.0730169,-0.333976,0.5260976332598446,0.6231522192029889,8,0,,,0,False,0,False,0,,False
NICO,float,2024-07-17T00:11:30,0.540001,0.0383339,-0.148323,0.5413599245328471,0.5613112151197497,9,0,,,0,False,0,False,0,,False
NICO,float,2024-07-17T00:12:00,0.56687,0.0042363,-0.0125645,0.5668858290147055,0.56702505217842,9,0,,,0,False,0,False,0,,False
NICO,float,2024-07-17T00:12:30,0.567054,-0.031133,-0.0137095,0.5679080054066855,0.5680734573937158,9,0,,,0,False,0,False,0,,False
NICO,float,2024-07-17T00:13:00,0.582487,-0.061383,0.0660629,0.5857123678547346,0.5894262333951636,9,0,,,0,False,0,False,0,,False
NICO,float,2024-07-17T00:13:30,0.585874,-0.0901386,0.101878,0.5927675017120625,0.6014585920659543,9,0,,,0,False,0,False,0,,False
NICO,float,2024-07-17T00:14:00,0.596617,-0.10821,0.15659,0.6063507638232181,0.6262441032768292,9,0,,,0,False,0,False,0,,False
NICO,float,2024-07-17T00:14:30,0.60197,-0.111531,0.215159,0.6122148682129502,0.648922522449329,8,0,,,0,False,0,False,0,,False
NICO,float,2024-07-17T00:15:00,0.592592,-0.120076,0.230763,0.6046350339171557,0.6471746954331574,8,0,,,0,False,0,False,0,,False
NICO,float,2024-07-17T00:15:30,0.592325,-0.127881,0.295679,0.6059723226237317,0.6742614677015142,8,0,,,0,False,0,False,0,,False
NICO,float,2024-07-17T00:16:00,0.580968,-0.133359,0.323038,0.5960775452111915,0.6779837677621788,8,0,,,0,False,0,False,0,,False
NICO,float,2024-07-17T00:16:30,0.589025,-0.148143,0.424784,0.6073687504918244,0.7411735597887987,8,0,,,0,False,0,False,0,,False
NICO,float,2024-07-17T00:17:00,0.582891,-0.130929,0.452379,0.5974146976112992,0.749367120017285,8,5,,,0,False,0,False,0,,False
NICO,float,2024-07-17T00:17:30,0.570582,-0.124719,0.454462,0.5840536342537388,0.7400367268784706,8,5,,,0,False,0,False,0,,False
NICO,float,2024-07-17T00:18:00,0.568402,-0.0972373,0.486865,0.5766592807848409,0.7547009038952385,8,5,,,0,False,0,False,0,,False
NICO,float,2024-07-17T00:18:30,0.55122,-0.0834071,0.472198,0.5574946033195389,0.7305964576525197,8,5,,,0,False,0,False,0,,False
NICO,float,2024-07-17T00:19:00,0.546912,-0.0713314,0.510514,0.5515441091789123,0.7515487000627171,8,6,,,0,False,0,False,0,,False
NICO,float,2024-07-17T00:19:30,0.524984,-0.0719744,0.504016,0.5298948145730056,0.7313143255586889,8,6,,,0,False,0,False,0,,False
NICO,float,2024-07-17T00:20:00,0.493191,-0.068304,0.46101,0.497898382099199,0.6785521490622515,8,5,,,0,False,0,False,0,,False
NICO,float,2024-07-17T00:20:30,0.421455,-0.0710556,0.0322507,0.4274028723772923,0.4286179218918057,8,8,,,0,False,0,False,0,,False
NICO,float,2024-07-17T00:21:00,0.400591,-0.0757049,0.0791125,0.40768171551470145,0.4152868512501449,8,5,,,0,False,0,False,0,,False
NICO,float,2024-07-17T00:21:30,0.366394,-0.0789393,-0.125618,0.37480124909142176,0.3952921176098633,8,6,,,0,False,0,False,0,,False
NICO,float,2024-07-17T00:22:00,0.341193,-0.0777957,-0.27176,0.34994975951912016,0.443078245671676,8,7,,,0,False,0,False,0,,False
NICO,float,2024-07-17T00:22:30,0.311693,-0.0760548,-0.428876,0.32083774536678195,0.5356038482199694,8,7,,,0,False,0,False,0,,False
NICO,float,2024-07-17T00:23:00,0.289903,-0.0779776,-0.48458,0.30020702108838165,0.5700368689047753,8,7,,,0,False,0,False,0,,False
NICO,float,2024-07-17T00:23:30,0.292464,-0.0749056,-0.363482,0.3019040248280238,0.4725094755995482,8,6,,,0,False,0,False,0,,False
NICO,float,2024-07-17T00:24:00,0.2923,-0.0698367,-0.282194,0.30052696163054987,0.4122498129810249,7,6,,,0,False,0,False,0,,False
NICO,float,2024-07-17T00:24:30,0.304393,-0.0613253,-0.212995,0.31050908339224154,0.3765405169355484,7,6,,,0,False,0,False,0,,False
NICO,ar,2024-07-17T00:03:00,-0.0568621,-0.434299,-1.66956,0.43800561619391365,1.7260589542125755,8,0,,,0,False,0,False,0,,False
NICO,ar,2024-07-17T00:03:30,2.47756,0.487355,-5.14978,2.525038306565863,5.735508041841193,7,0,,,0,False,0,False,0,,False
NICO,ar,2024-07-17T00:04:00,1.64257,0.413377,-3.7288,1.6937876930208815,4.095468982794157,7,0,,,0,False,0,False,0,,False
NICO,ar,2024-07-17T00:04:30,1.27253,0.290349,-3.01097,1.305233750215263,3.281703137640728,7,0,,,0,False,0,False,0,,False
NICO,ar,2024-07-17T00:05:00,1.08502,-0.0290807,-2.66844,1.0854096404180729,2.8807440221429754,7,0,,,0,False,0,False,0,,False
NICO,ar,2024-07-17T00:05:30,0.98678,-0.374016,-2.4284,1.0552832494908653,2.6477819579142086,7,0,,,0,False,0,False,0,,False
NICO,ar,2024-07-17T00:06:00,0.925372,-0.394063,-2.17804,1.005782772945033,2.399053402480445,7,0,,,0,False,0,False,0,,False
NICO,ar,2024-07-17T00:06:30,0.859055,-0.247557,-1.87606,0.8940134010595143,2.078186970624636,7,0,,,0,False,0,False,0,,False
NICO,ar,2024-07-17T00:07:00,0.776161,-0.177269,-1.69585,0.7961470946263636,1.8734346582632662,7,0,,,0,False,0,False,0,,False
NICO,ar,2024-07-17T00:07:30,0.686406,-0.0707672,-1.5262,0.6900443416417817,1.674947053918971,7,0,,,0,False,0,False,0,,False
NICO,ar,2024-07-17T00:08:00,0.633563,0.0286855,-1.38328,0.6342120567123034,1.5217386409233518,7,0,,,0,False,0,False,0,,False
NICO,ar,2024-07-17T00:08:30,0.599188,0.104299,-1.19586,0.6081977809438308,1.3416354498689276,8,0,,,0,False,0,False,0,,False
NICO,ar,2024-07-17T00:09:00,0.559157,0.152524,-1.05786,0.5795861637625591,1.2062287929016617,8,0,,,0,False,0,False,0,,False
NICO,ar,2024-07-17T00:09:30,0.522482,0.153862,-0.90108,0.5446659117000071,1.0529036621495815,8,0,,,0,False,0,False,0,,False
NICO,ar,2024-07-17T00:10:00,0.508876,0.137773,-0.712787,0.527196531575275,0.8865672508467701,8,0,,,0,False,0,False,0,,False
NICO,ar,2024-07-17T00:10:30,0.507849,0.0974022,-0.5389,0.5171052072507489,0.7468674617131477,8,6,7,6,0,False,0,False,0,0,True
NICO,ar,2024-07-17T00:11:00,0.521006,0.0730169,-0.333976,0.5260976332598446,0.6231522192029889,8,0,,,0,False,0,False,0,,False
NICO,ar,2024-07-17T00:11:30,0.540001,0.0383339,-0.148323,0.5413599245328471,0.5613112151197497,9,0,,,0,False,0,False,0,,False
NICO,ar,2024-07-17T00:12:00,0.56687,0.0042363,-0.0125645,0.5668858290147055,0.56702505217842,9,0,,,0,False,0,False,0,,False
NICO,ar,2024-07-17T00:12:30,0.567054,-0.031133,-0.0137095,0.5679080054066855,0.5680734573937158,9,0,,,0,False,0,False,0,,False
NICO,ar,2024-07-17T00:13:00,0.582487,-0.061383,0.0660629,0.5857123678547346,0.5894262333951636,9,0,,,0,False,0,False,0,,False
NICO,ar,2024-07-17T00:13:30,0.585874,-0.0901386,0.101878,0.5927675017120625,0.6014585920659543,9,0,,,0,False,0,False,0,,False
NICO,ar,2024-07-17T00:14:00,0.596617,-0.10821,0.15659,0.6063507638232181,0.6262441032768292,9,0,,,0,False,0,False,0,,False
NICO,ar,2024-07-17T00:14:30,0.60197,-0.111531,0.215159,0.6122148682129502,0.648922522449329,8,0,,,0,False,0,False,0,,False
NICO,ar,2024-07-17T00:15:00,0.592592,-0.120076,0.230763,0.6046350339171557,0.6471746954331574,8,0,,,0,False,0,False,0,,False
NICO,ar,2024-07-17T00:15:30,0.592325,-0.127881,0.295679,0.6059723226237317,0.6742614677015142,8,0,,,0,False,0,False,0,,False
NICO,ar,2024-07-17T00:16:00,0.580968,-0.133359,0.323038,0.5960775452111915,0.6779837677621788,8,0,,,0,False,0,False,0,,False
NICO,ar,2024-07-17T00:16:30,0.589025,-0.148143,0.424784,0.6073687504918244,0.7411735597887987,8,0,,,0,False,0,False,0,,False
NICO,ar,2024-07-17T00:17:00,0.582891,-0.130929,0.452379,0.5974146976112992,0.749367120017285,8,5,6,5,0,False,0,False,0,0,True
NICO,ar,2024-07-17T00:17:30,0.570582,-0.124719,0.454462,0.5840536342537388,0.7400367268784706,8,5,6,5,0,False,0,False,0,0,True
NICO,ar,2024-07-17T00:18:00,0.568402,-0.0972373,0.486865,0.5766592807848409,0.7547009038952385,8,5,6,5,0,False,0,False,0,0,True
NICO,ar,2024-07-17T00:18:30,0.55122,-0.0834071,0.472198,0.5574946033195389,0.7305964576525197,8,5,6,5,0,False,0,False,0,0,True
NICO,ar,2024-07-17T00:19:00,0.546912,-0.0713314,0.510514,0.5515441091789123,0.7515487000627171,8,6,6,5,0,False,0,False,0,0,True
NICO,ar,2024-07-17T00:19:30,0.524984,-0.0719744,0.504016,0.5298948145730056,0.7313143255586889,8,6,6,5,0,False,0,False,0,0,True
NICO,ar,2024-07-17T00:20:00,0.493191,-0.068304,0.46101,0.497898382099199,0.6785521490622515,8,5,6,5,0,False,0,False,0,0,True
NICO,ar,2024-07-17T00:20:30,0.421455,-0.0710556,0.0322507,0.4274028723772923,0.4286179218918057,8,8,7,6,0,False,0,False,0,0,True
NICO,ar,2024-07-17T00:21:00,0.400591,-0.0757049,0.0791125,0.40768171551470145,0.4152868512501449,8,5,6,5,0,False,0,False,0,0,True
NICO,ar,2024-07-17T00:21:30,0.366394,-0.0789393,-0.125618,0.37480124909142176,0.3952921176098633,8,6,7,6,1,True,0,False,0,0,True
NICO,ar,2024-07-17T00:22:00,0.341193,-0.0777957,-0.27176,0.34994975951912016,0.443078245671676,8,7,7,6,1,True,0,False,0,0,True
NICO,ar,2024-07-17T00:22:30,0.311693,-0.0760548,-0.428876,0.32083774536678195,0.5356038482199694,8,7,7,6,1,True,0,False,0,0,True
NICO,ar,2024-07-17T00:23:00,0.289903,-0.0779776,-0.48458,0.30020702108838165,0.5700368689047753,8,7,7,6,2,True,0,False,0,0,True
NICO,ar,2024-07-17T00:23:30,0.292464,-0.0749056,-0.363482,0.3019040248280238,0.4725094755995482,8,6,6,5,2,True,0,False,0,0,True
NICO,ar,2024-07-17T00:24:00,0.2923,-0.0698367,-0.282194,0.30052696163054987,0.4122498129810249,7,6,6,5,2,True,0,False,0,0,True
NICO,ar,2024-07-17T00:24:30,0.304393,-0.0613253,-0.212995,0.31050908339224154,0.3765405169355484,7,6,6,5,0,False,0,False,0,0,True
BREW,float,2024-07-17T00:03:00,-0.557178,0.526274,-0.754987,0.7664278483719129,1.0758331733726192,8,0,,,0,False,0,False,0,,False
BREW,float,2024-07-17T00:03:30,-0.273826,-0.0949658,-0.0496325,0.2898261227799178,0.29404517765454,8,0,,,0,False,0,False,0,,False
BREW,float,2024-07-17T00:04:00,-0.149337,-0.222318,0.557082,0.26781865635724483,0.6181158365686806,8,0,,,0,False,0,False,0,,False
BREW,float,2024-07-17T00:04:30,-0.126749,-0.165615,0.500614,0.20855128200517015,0.5423172634371876,8,0,,,0,False,0,False,0,,False
BREW,float,2024-07-17T00:05:00,-0.108935,-0.0930079,0.479962,0.14323862498435957,0.500880050642277,8,0,,,0,False,0,False,0,,False
BREW,float,2024-07-17T00:05:30,-0.170092,0.00087855,0.378192,0.17009426890434168,0.41468210617062135,8,0,,,0,False,0,False,0,,False
BREW,float,2024-07-17T00:06:00,-0.136901,0.0194121,0.0677722,0.13827043584009563,0.15398631276918737,8,0,,,0,False,0,False,0,,False
BREW,ar,2024-07-17T00:03:00,-0.557178,0.526274,-0.754987,0.7664278483719129,1.0758331733726192,8,0,,,0,False,0,False,0,,False
BREW,ar,2024-07-17T00:03:30,-0.273826,-0.0949658,-0.0496325,0.2898261227799178,0.29404517765454,8,0,,,0,False,0,False,0,,False
BREW,ar,2024-07-17T00:04:00,-0.149337,-0.222318,0.557082,0.26781865635724483,0.6181158365686806,8,0,,,0,False,0,False,0,,False
BREW,ar,2024-07-17T00:04:30,-0.126749,-0.165615,0.500614,0.20855128200517015,0.5423172634371876,8,0,,,0,False,0,False,0,,False
BREW,ar,2024-07-17T00:05:00,-0.108935,-0.0930079,0.479962,0.14323862498435957,0.500880050642277,8,0,,,0,False,0,False,0,,False
BREW,ar,2024-07-17T00:05:30,-0.170092,0.00087855,0.378192,0.17009426890434168,0.41468210617062135,8,0,,,0,False,0,False,0,,False
BREW,ar,2024-07-17T00:06:00,-0.136901,0.0194121,0.0677722,0.13827043584009563,0.15398631276918737,8,0,,,0,False,0,False,0,,False
JPLM,float,2024-07-17T00:03:00,-1.23808,-0.26124,-5.48896,1.2653412282858725,5.6329184536614765,6,0,,,0,False,0,False,0,,False
JPLM,float,2024-07-17T00:03:30,0.0282006,0.701405,0.786566,0.7019716859427878,1.054253442119759,6,0,,,0,False,0,False,0,,False
JPLM,float,2024-07-17T00:04:00,-0.0352552,0.759572,0.884425,0.760389737115803,1.1663619219333423,6,0,,,0,False,0,False,0,,False
JPLM,float,2024-07-17T00:04:30,-0.329504,0.443615,-0.0753894,0.5526003567145067,0.5577192088079449,6,0,,,0,False,0,False,0,,False
JPLM,float,2024-07-17T00:05:00,-0.493006,0.20637,-0.409263,0.5344562591419433,0.6731565167960568,6,0,,,0,False,0,False,0,,False
JPLM,float,2024-07-17T00:05:30,-0.58544,0.0417262,-0.628417,0.586925096896052,0.8598773140718622,6,0,,,0,False,0,False,0,,False
JPLM,float,2024-07-17T00:06:00,-0.639237,0.0790484,-0.51434,0.6441060407351883,0.8242682981357223,6,0,,,0,False,0,False,0,,False
JPLM,float,2024-07-17T00:06:30,-0.563909,0.0379905,-0.571882,0.5651872595620411,0.8040433199120866,6,0,,,0,False,0,False,0,,False
JPLM,float,2024-07-17T00:07:00,-0.506097,0.106973,-0.312888,0.5172788378988648,0.6045463561067919,6,0,,,0,False,0,False,0,,False
JPLM,float,2024-07-17T00:07:30,-0.423597,0.148369,-0.172328,0.44882934236745264,0.48077512222867774,6,0,,,0,False,0,False,0,,False
JPLM,float,2024-07-17T00:08:00,-0.419996,0.10987,-0.22146,0.43412907863445405,0.4873526326142088,6,0,,,0,False,0,False,0,,False
JPLM,float,2024-07-17T00:08:30,-0.419449,0.085057,-0.337479,0.42798616432076403,0.5450359917390777,6,0,,,0,False,0,False,0,,False
JPLM,float,2024-07-17T00:09:00,-0.413307,0.110051,-0.252911,0.4277077259648228,0.49688818940582596,6,0,,,0,False,0,False,0,,False
JPLM,float,2024-07-17T00:09:30,-0.352775,0.176803,-0.0851511,0.394600432632809,0.4036833056558198,6,0,,,0,False,0,False,0,,False
JPLM,float,2024-07-17T00:10:00,-0.336939,0.184046,0.0263797,0.38392814410641996,0.38483335147709063,6,1,,,0,False,0,False,0,,False
JPLM,float,2024-07-17T00:10:30,-0.306566,0.19363,-0.00408981,0.3625952140555636,0.36261827836146937,6,0,,,0,False,0,False,0,,False
JPLM,float,2024-07-17T00:11:00,-0.298164,0.19454,-0.026526,0.35601626717890295,0.3570030968661196,6,1,,,0,False,0,False,0,,False
JPLM,float,2024-07-17T00:11:30,-0.306425,0.1835,-0.0850578,0.3571673706051548,0.3671557707102532,6,2,,,0,False,0,False,0,,False
JPLM,float,2024-07-17T00:12:00,-0.297003,0.189937,-0.0660541,0.3525433958791456,0.3586781148952498,6,2,,,0,False,0,False,0,,False
JPLM,float,2024-07-17T00:12:30,-0.279643,0.179967,0.00557575,0.33254823490435187,0.3325949751966534,6,2,,,0,False,0,False,0,,False
JPLM,float,2024-07-17T00:13:00,-0.25054,0.148608,0.0479041,0.2912981793008669,0.2952108264627332,6,2,,,0,False,0,False,0,,False
JPLM,float,2024-07-17T00:13:30,-0.241667,0.111738,0.0784778,0.2662486047531517,0.2775735661511016,6,2,,,0,False,0,False,0,,False
JPLM,float,2024-07-17T00:14:00,-0.255542,0.142105,0.243297,0.2923962119949573,0.38038004022030386,6,2,,,0,False,0,False,0,,False
JPLM,float,2024-07-17T00:14:30,-0.265616,0.155397,0.23415,0.30773379253016725,0.3866863193403666,6,2,,,0,False,0,False,0,,False
JPLM,float,2024-07-17T00:15:00,-0.267613,0.153976,0.184444,0.30874799812306475,0.3596455414446285,6,2,,,0,False,0,False,0,,False
JPLM,float,2024-07-17T00:15:30,-0.257289,0.149044,0.100432,0.2973411230506134,0.3138444361160478,6,2,,,0,False,0,False,0,,False
JPLM,float,2024-07-17T00:16:00,-0.242397,0.10694,0.0516768,0.264938614039177,0.2699314002987426,6,2,,,0,False,0,False,0,,False
JPLM,float,2024-07-17T00:16:30,-0.236524,0.0935465,0.0799051,0.2543512340018228,0.26660715527581025,6,2,,,0,False,0,False,0,,False
JPLM,float,2024-07-17T00:17:00,-0.24116,0.0993022,0.0393317,0.2608046635412028,0.2637537775079819,6,3,,,0,False,0,False,0,,False
JPLM,float,2024-07-17T00:17:30,-0.25274,0.128644,0.161089,0.2835961677033031,0.3261540314897242,6,3,,,0,False,0,False,0,,False
JPLM,float,2024-07-17T00:18:00,-0.256804,0.169993,0.288161,0.3079706389657949,0.4217613974583259,6,3,,,0,False,0,False,0,,False
JPLM,float,2024-07-17T00:18:30,-0.269555,0.154997,0.161795,0.3109404573772927,0.35051617660102363,6,3,,,0,False,0,False,0,,False
JPLM,float,2024-07-17T00:19:00,-0.271069,0.117561,-0.0117943,0.2954640273908145,0.29569933546508015,7,4,,,0,False,0,False,0,,False
JPLM,float,2024-07-17T00:19:30,-0.3991,-0.937964,-2.22863,1.0193415891132864,2.450683364328407,7,4,,,0,False,0,False,0,,False
JPLM,float,2024-07-17T00:20:00,-0.3904,-0.93162,-2.32825,1.0101128572590292,2.5379275101743946,7,4,,,0,False,0,False,0,,False
JPLM,float,2024-07-17T00:20:30,-0.38616,-0.917818,-2.42862,0.9957456636732093,2.624824666739476,7,4,,,0,False,0,False,0,,False
JPLM,float,2024-07-17T00:21:00,-0.387927,-0.878973,-2.33238,0.9607709883515426,2.5225140944022497,7,4,,,0,False,0,False,0,,False
JPLM,float,2024-07-17T00:21:30,-0.388019,-0.841921,-2.30613,0.9270327473191009,2.4854829091148467,7,4,,,0,False,0,False,0,,False
JPLM,float,2024-07-17T00:22:00,-0.381844,-0.788877,-2.21687,0.8764312645410364,2.383829767069159,7,4,,,0,False,0,False,0,,False
JPLM,float,2024-07-17T00:22:30,-0.362197,-0.742544,-2.25253,0.826170841136989,2.399260231747486,7,4,,,0,False,0,False,0,,False
JPLM,float,2024-07-17T00:23:00,-0.350541,-0.714996,-2.29797,0.7963028774888359,2.432028863643892,7,4,,,0,False,0,False,0,,False
JPLM,float,2024-07-17T00:23:30,-0.333894,-0.678447,-2.265,0.7561584060532555,2.3878862064690187,6,3,,,0,False,0,False,0,,False
JPLM,float,2024-07-17T00:24:00,-0.336963,-0.660156,-2.23878,0.7411814944431626,2.3582802836187646,7,4,,,0,False,0,False,0,,False
JPLM,float,2024-07-17T00:24:30,-0.337399,-0.621629,-2.25356,0.707291099082973,2.36194694530635,7,4,,,0,False,0,False,0,,False
JPLM,ar,2024-07-17T00:03:00,-1.23808,-0.26124,-5.48896,1.2653412282858725,5.6329184536614765,6,0,,,0,False,0,False,0,,False
JPLM,ar,2024-07-17T00:03:30,0.0282006,0.701405,0.786566,0.7019716859427878,1.054253442119759,6,0,,,0,False,0,False,0,,False
JPLM,ar,2024-07-17T00:04:00,-0.0352552,0.759572,0.884425,0.760389737115803,1.1663619219333423,6,0,,,0,False,0,False,0,,False
JPLM,ar,2024-07-17T00:04:30,-0.329504,0.443615,-0.0753894,0.5526003567145067,0.5577192088079449,6,0,,,0,False,0,False,0,,False
JPLM,ar,2024-07-17T00:05:00,-0.493006,0.20637,-0.409263,0.5344562591419433,0.6731565167960568,6,0,,,0,False,0,False,0,,False
JPLM,ar,2024-07-17T00:05:30,-0.58544,0.0417262,-0.628417,0.586925096896052,0.8598773140718622,6,0,,,0,False,0,False,0,,False
JPLM,ar,2024-07-17T00:06:00,-0.639237,0.0790484,-0.51434,0.6441060407351883,0.8242682981357223,6,0,,,0,False,0,False,0,,False
JPLM,ar,2024-07-17T00:06:30,-0.563909,0.0379905,-0.571882,0.5651872595620411,0.8040433199120866,6,0,,,0,False,0,False,0,,False
JPLM,ar,2024-07-17T00:07:00,-0.506097,0.106973,-0.312888,0.5172788378988648,0.6045463561067919,6,0,,,0,False,0,False,0,,False
JPLM,ar,2024-07-17T00:07:30,-0.423597,0.148369,-0.172328,0.44882934236745264,0.48077512222867774,6,0,,,0,False,0,False,0,,False
JPLM,ar,2024-07-17T00:08:00,-0.419996,0.10987,-0.22146,0.43412907863445405,0.4873526326142088,6,0,,,0,False,0,False,0,,False
JPLM,ar,2024-07-17T00:08:30,-0.419449,0.085057,-0.337479,0.42798616432076403,0.5450359917390777,6,0,,,0,False,0,False,0,,False
JPLM,ar,2024-07-17T00:09:00,-0.413307,0.110051,-0.252911,0.4277077259648228,0.49688818940582596,6,0,,,0,False,0,False,0,,False
JPLM,ar,2024-07-17T00:09:30,-0.352775,0.176803,-0.0851511,0.394600432632809,0.4036833056558198,6,0,,,0,False,0,False,0,,False
JPLM,ar,2024-07-17T00:10:00,-0.336939,0.184046,0.0263797,0.38392814410641996,0.38483335147709063,6,1,2,1,0,False,0,False,0,0,True
JPLM,ar,2024-07-17T00:10:30,-0.306566,0.19363,-0.00408981,0.3625952140555636,0.36261827836146937,6,0,,,0,False,0,False,0,,False
JPLM,ar,2024-07-17T00:11:00,-0.298164,0.19454,-0.026526,0.35601626717890295,0.3570030968661196,6,1,2,1,0,False,0,False,0,0,True
JPLM,ar,2024-07-17T00:11:30,-0.306425,0.1835,-0.0850578,0.3571673706051548,0.3671557707102532,6,2,3,2,0,False,0,False,0,0,True
JPLM,ar,2024-07-17T00:12:00,-0.297003,0.189937,-0.0660541,0.3525433958791456,0.3586781148952498,6,2,3,2,0,False,0,False,0,0,True
JPLM,ar,2024-07-17T00:12:30,-0.279643,0.179967,0.00557575,0.33254823490435187,0.3325949751966534,6,2,3,2,0,False,0,False,0,0,True
JPLM,ar,2024-07-17T00:13:00,-0.25054,0.148608,0.0479041,0.2912981793008669,0.2952108264627332,6,2,3,2,0,False,0,False,0,0,True
JPLM,ar,2024-07-17T00:13:30,-0.241667,0.111738,0.0784778,0.2662486047531517,0.2775735661511016,6,2,3,2,0,False,0,False,0,0,True
JPLM,ar,2024-07-17T00:14:00,-0.255542,0.142105,0.243297,0.2923962119949573,0.38038004022030386,6,2,3,2,0,False,0,False,0,0,True
JPLM,ar,2024-07-17T00:14:30,-0.265616,0.155397,0.23415,0.30773379253016725,0.3866863193403666,6,2,3,2,0,False,0,False,0,0,True
JPLM,ar,2024-07-17T00:15:00,-0.267613,0.153976,0.184444,0.30874799812306475,0.3596455414446285,6,2,3,2,0,False,0,False,0,0,True
JPLM,ar,2024-07-17T00:15:30,-0.257289,0.149044,0.100432,0.2973411230506134,0.3138444361160478,6,2,3,2,0,False,0,False,0,0,True
JPLM,ar,2024-07-17T00:16:00,-0.242397,0.10694,0.0516768,0.264938614039177,0.2699314002987426,6,2,3,2,0,False,0,False,0,0,True
JPLM,ar,2024-07-17T00:16:30,-0.236524,0.0935465,0.0799051,0.2543512340018228,0.26660715527581025,6,2,3,2,0,False,0,False,0,0,True
JPLM,ar,2024-07-17T00:17:00,-0.24116,0.0993022,0.0393317,0.2608046635412028,0.2637537775079819,6,3,4,3,0,False,0,False,0,0,True
JPLM,ar,2024-07-17T00:17:30,-0.25274,0.128644,0.161089,0.2835961677033031,0.3261540314897242,6,3,4,3,0,False,0,False,0,0,True
JPLM,ar,2024-07-17T00:18:00,-0.256804,0.169993,0.288161,0.3079706389657949,0.4217613974583259,6,3,4,3,0,False,0,False,0,0,True
JPLM,ar,2024-07-17T00:18:30,-0.269555,0.154997,0.161795,0.3109404573772927,0.35051617660102363,6,3,4,3,0,False,0,False,0,0,True
JPLM,ar,2024-07-17T00:19:00,-0.271069,0.117561,-0.0117943,0.2954640273908145,0.29569933546508015,7,4,5,4,0,False,0,False,0,0,True
JPLM,ar,2024-07-17T00:19:30,-0.3991,-0.937964,-2.22863,1.0193415891132864,2.450683364328407,7,4,5,4,0,False,0,False,0,0,True
JPLM,ar,2024-07-17T00:20:00,-0.3904,-0.93162,-2.32825,1.0101128572590292,2.5379275101743946,7,4,5,4,0,False,0,False,0,0,True
JPLM,ar,2024-07-17T00:20:30,-0.38616,-0.917818,-2.42862,0.9957456636732093,2.624824666739476,7,4,5,4,0,False,0,False,0,0,True
JPLM,ar,2024-07-17T00:21:00,-0.387927,-0.878973,-2.33238,0.9607709883515426,2.5225140944022497,7,4,5,4,0,False,0,False,0,0,True
JPLM,ar,2024-07-17T00:21:30,-0.388019,-0.841921,-2.30613,0.9270327473191009,2.4854829091148467,7,4,5,4,0,False,0,False,0,0,True
JPLM,ar,2024-07-17T00:22:00,-0.381844,-0.788877,-2.21687,0.8764312645410364,2.383829767069159,7,4,5,4,0,False,0,False,0,0,True
JPLM,ar,2024-07-17T00:22:30,-0.362197,-0.742544,-2.25253,0.826170841136989,2.399260231747486,7,4,5,4,0,False,0,False,0,0,True
JPLM,ar,2024-07-17T00:23:00,-0.350541,-0.714996,-2.29797,0.7963028774888359,2.432028863643892,7,4,5,4,0,False,0,False,0,0,True
JPLM,ar,2024-07-17T00:23:30,-0.333894,-0.678447,-2.265,0.7561584060532555,2.3878862064690187,6,3,4,3,0,False,0,False,0,0,True
JPLM,ar,2024-07-17T00:24:00,-0.336963,-0.660156,-2.23878,0.7411814944431626,2.3582802836187646,7,4,5,4,0,False,0,False,0,0,True
JPLM,ar,2024-07-17T00:24:30,-0.337399,-0.621629,-2.25356,0.707291099082973,2.36194694530635,7,4,5,4,0,False,0,False,0,0,True
