station,mode,time,stage,selected,provisional_selected,joint_nis,joint_threshold,maximum_perr,reliability_gate,passed,feedback_flag_is_mode_only
MARS,ar,2024-07-17T00:10:30,USER_IF_WL_SD,0,0,nan,nan,0,0,False,1
MARS,ar,2024-07-17T00:17:00,USER_IF_WL_SD,0,0,nan,nan,0,0,False,1
MARS,ar,2024-07-17T00:17:30,USER_IF_WL_SD,0,0,nan,nan,0,0,False,1
MARS,ar,2024-07-17T00:18:00,USER_IF_WL_SD,0,0,nan,nan,0,0,False,1
MARS,ar,2024-07-17T00:18:30,USER_IF_WL_SD,0,0,nan,nan,0,0,False,1
MARS,ar,2024-07-17T00:19:00,USER_IF_WL_SD,0,0,nan,nan,0,0,False,1
MARS,ar,2024-07-17T00:19:30,USER_IF_WL_SD,0,0,nan,nan,0,0,False,1
MARS,ar,2024-07-17T00:20:00,USER_IF_WL_SD,0,0,nan,nan,0,0,False,1
MARS,ar,2024-07-17T00:20:30,USER_IF_WL_SD,0,1,0.00830633,23.9281,0.00131674,0,False,1
MARS,ar,2024-07-17T00:21:00,USER_IF_WL_SD,0,2,0.267354,27.631,0.0018046,0,False,1
MARS,ar,2024-07-17T00:21:30,USER_IF_WL_SD,0,2,0.364773,27.631,0.00101743,0,False,1
MARS,ar,2024-07-17T00:22:00,USER_IF_WL_SD,2,2,0.414657,27.631,0.000512595,1,True,1
MARS,ar,2024-07-17T00:22:00,USER_IF_L1_SD_CONDITIONAL,0,0,nan,nan,0,0,False,1
MARS,ar,2024-07-17T00:22:30,USER_IF_WL_SD,2,2,0.430225,27.631,0.000239932,1,True,1
MARS,ar,2024-07-17T00:22:30,USER_IF_L1_SD_CONDITIONAL,0,0,nan,nan,0,0,False,1
MARS,ar,2024-07-17T00:23:00,USER_IF_WL_SD,0,3,0.448553,30.6648,0.00108564,0,False,1
MARS,ar,2024-07-17T00:23:00,USER_IF_L1_SD_CONDITIONAL,0,0,nan,nan,0,0,False,1
MARS,ar,2024-07-17T00:23:30,USER_IF_WL_SD,3,3,0.489333,30.6648,0.000629559,1,True,1
MARS,ar,2024-07-17T00:23:30,USER_IF_L1_SD_CONDITIONAL,0,0,nan,nan,0,0,False,1
MARS,ar,2024-07-17T00:24:00,USER_IF_WL_SD,3,3,0.58433,30.6648,0.000372154,1,True,1
MARS,ar,2024-07-17T00:24:00,USER_IF_L1_SD_CONDITIONAL,0,0,nan,nan,0,0,False,1
MARS,ar,2024-07-17T00:24:30,USER_IF_WL_SD,3,3,0.73021,30.6648,0.000222561,1,True,1
MARS,ar,2024-07-17T00:24:30,USER_IF_L1_SD_CONDITIONAL,0,0,nan,nan,0,0,False,1
DYNG,ar,2024-07-17T00:10:30,USER_IF_WL_SD,0,0,nan,nan,0,0,False,1
DYNG,ar,2024-07-17T00:17:00,USER_IF_WL_SD,0,0,nan,nan,0,0,False,1
DYNG,ar,2024-07-17T00:17:30,USER_IF_WL_SD,0,0,nan,nan,0,0,False,1
DYNG,ar,2024-07-17T00:18:00,USER_IF_WL_SD,0,0,nan,nan,0,0,False,1
DYNG,ar,2024-07-17T00:18:30,USER_IF_WL_SD,0,0,nan,nan,0,0,False,1
DYNG,ar,2024-07-17T00:19:00,USER_IF_WL_SD,0,0,nan,nan,0,0,False,1
DYNG,ar,2024-07-17T00:19:30,USER_IF_WL_SD,0,0,nan,nan,0,0,False,1
DYNG,ar,2024-07-17T00:20:00,USER_IF_WL_SD,0,0,nan,nan,0,0,False,1
DYNG,ar,2024-07-17T00:20:30,USER_IF_WL_SD,1,1,0.0238616,23.9281,0.000889138,1,True,1
DYNG,ar,2024-07-17T00:20:30,USER_IF_L1_SD_CONDITIONAL,0,0,nan,nan,0,0,False,1
DYNG,ar,2024-07-17T00:21:00,USER_IF_WL_SD,1,1,0.0375849,23.9281,0.000364092,1,True,1
DYNG,ar,2024-07-17T00:21:00,USER_IF_L1_SD_CONDITIONAL,0,0,nan,nan,0,0,False,1
DYNG,ar,2024-07-17T00:21:30,USER_IF_WL_SD,1,1,0.0414835,23.9281,0.000141768,1,True,1
DYNG,ar,2024-07-17T00:21:30,USER_IF_L1_SD_CONDITIONAL,0,0,nan,nan,0,0,False,1
DYNG,ar,2024-07-17T00:22:00,USER_IF_WL_SD,1,1,0.0379156,23.9281,5.34597e-05,1,True,1
DYNG,ar,2024-07-17T00:22:00,USER_IF_L1_SD_CONDITIONAL,0,0,nan,nan,0,0,False,1
DYNG,ar,2024-07-17T00:22:30,USER_IF_WL_SD,1,1,0.0381846,23.9281,2.05065e-05,1,True,1
DYNG,ar,2024-07-17T00:22:30,USER_IF_L1_SD_CONDITIONAL,0,0,nan,nan,0,0,False,1
DYNG,ar,2024-07-17T00:23:00,USER_IF_WL_SD,1,1,0.0154866,23.9281,6.9038e-06,1,True,1
DYNG,ar,2024-07-17T00:23:00,USER_IF_L1_SD_CONDITIONAL,0,0,nan,nan,0,0,False,1
DYNG,ar,2024-07-17T00:23:30,USER_IF_WL_SD,2,2,0.0655028,27.631,0.00097891,1,True,1
DYNG,ar,2024-07-17T00:23:30,USER_IF_L1_SD_CONDITIONAL,0,0,nan,nan,0,0,False,1
DYNG,ar,2024-07-17T00:24:00,USER_IF_WL_SD,2,2,0.0622386,27.631,0.000550513,1,True,1
DYNG,ar,2024-07-17T00:24:00,USER_IF_L1_SD_CONDITIONAL,0,0,nan,nan,0,0,False,1
DYNG,ar,2024-07-17T00:24:30,USER_IF_WL_SD,2,2,0.105696,27.631,0.000357328,1,True,1
DYNG,ar,2024-07-17T00:24:30,USER_IF_L1_SD_CONDITIONAL,0,0,nan,nan,0,0,False,1
NICO,ar,2024-07-17T00:10:30,USER_IF_WL_SD,0,0,nan,nan,0,0,False,1
NICO,ar,2024-07-17T00:17:00,USER_IF_WL_SD,0,0,nan,nan,0,0,False,1
NICO,ar,2024-07-17T00:17:30,USER_IF_WL_SD,0,0,nan,nan,0,0,False,1
NICO,ar,2024-07-17T00:18:00,USER_IF_WL_SD,0,0,nan,nan,0,0,False,1
NICO,ar,2024-07-17T00:18:30,USER_IF_WL_SD,0,0,nan,nan,0,0,False,1
NICO,ar,2024-07-17T00:19:00,USER_IF_WL_SD,0,0,nan,nan,0,0,False,1
NICO,ar,2024-07-17T00:19:30,USER_IF_WL_SD,0,0,nan,nan,0,0,False,1
NICO,ar,2024-07-17T00:20:00,USER_IF_WL_SD,0,0,nan,nan,0,0,False,1
NICO,ar,2024-07-17T00:20:30,USER_IF_WL_SD,0,0,nan,nan,0,0,False,1
NICO,ar,2024-07-17T00:21:00,USER_IF_WL_SD,0,1,0.155703,23.9281,0.00113718,0,False,1
NICO,ar,2024-07-17T00:21:30,USER_IF_WL_SD,1,1,0.124769,23.9281,0.000441402,1,True,1
NICO,ar,2024-07-17T00:21:30,USER_IF_L1_SD_CONDITIONAL,0,0,nan,nan,0,0,False,1
NICO,ar,2024-07-17T00:22:00,USER_IF_WL_SD,1,1,0.0789766,23.9281,0.000157902,1,True,1
NICO,ar,2024-07-17T00:22:00,USER_IF_L1_SD_CONDITIONAL,0,0,nan,nan,0,0,False,1
NICO,ar,2024-07-17T00:22:30,USER_IF_WL_SD,1,1,0.0367828,23.9281,5.47349e-05,1,True,1
NICO,ar,2024-07-17T00:22:30,USER_IF_L1_SD_CONDITIONAL,0,0,nan,nan,0,0,False,1
NICO,ar,2024-07-17T00:23:00,USER_IF_WL_SD,2,2,0.0200219,27.631,0.000936313,1,True,1
NICO,ar,2024-07-17T00:23:00,USER_IF_L1_SD_CONDITIONAL,0,0,nan,nan,0,0,False,1
NICO,ar,2024-07-17T00:23:30,USER_IF_WL_SD,2,2,0.00652986,27.631,0.000505833,1,True,1
NICO,ar,2024-07-17T00:23:30,USER_IF_L1_SD_CONDITIONAL,0,0,nan,nan,0,0,False,1
NICO,ar,2024-07-17T00:24:00,USER_IF_WL_SD,2,2,9.85503e-07,27.631,0.000276,1,True,1
NICO,ar,2024-07-17T00:24:00,USER_IF_L1_SD_CONDITIONAL,0,0,nan,nan,0,0,False,1
NICO,ar,2024-07-17T00:24:30,USER_IF_WL_SD,0,3,0.0125832,30.6648,0.00155675,0,False,1
NICO,ar,2024-07-17T00:24:30,USER_IF_L1_SD_CONDITIONAL,0,0,nan,nan,0,0,False,1
JPLM,ar,2024-07-17T00:10:00,USER_IF_WL_SD,0,0,nan,nan,0,0,False,1
JPLM,ar,2024-07-17T00:11:00,USER_IF_WL_SD,0,0,nan,nan,0,0,False,1
JPLM,ar,2024-07-17T00:11:30,USER_IF_WL_SD,0,0,nan,nan,0,0,False,1
JPLM,ar,2024-07-17T00:12:00,USER_IF_WL_SD,0,0,nan,nan,0,0,False,1
JPLM,ar,2024-07-17T00:12:30,USER_IF_WL_SD,0,0,nan,nan,0,0,False,1
JPLM,ar,2024-07-17T00:13:00,USER_IF_WL_SD,0,0,nan,nan,0,0,False,1
JPLM,ar,2024-07-17T00:13:30,USER_IF_WL_SD,0,0,nan,nan,0,0,False,1
JPLM,ar,2024-07-17T00:14:00,USER_IF_WL_SD,0,0,nan,nan,0,0,False,1
JPLM,ar,2024-07-17T00:14:30,USER_IF_WL_SD,0,0,nan,nan,0,0,False,1
JPLM,ar,2024-07-17T00:15:00,USER_IF_WL_SD,0,0,nan,nan,0,0,False,1
JPLM,ar,2024-07-17T00:15:30,USER_IF_WL_SD,0,0,nan,nan,0,0,False,1
JPLM,ar,2024-07-17T00:16:00,USER_IF_WL_SD,0,0,nan,nan,0,0,False,1
JPLM,ar,2024-07-17T00:16:30,USER_IF_WL_SD,0,0,nan,nan,0,0,False,1
JPLM,ar,2024-07-17T00:17:00,USER_IF_WL_SD,0,0,nan,nan,0,0,False,1
JPLM,ar,2024-07-17T00:17:30,USER_IF_WL_SD,0,0,nan,nan,0,0,False,1
JPLM,ar,2024-07-17T00:18:00,USER_IF_WL_SD,0,0,nan,nan,0,0,False,1
JPLM,ar,2024-07-17T00:18:30,USER_IF_WL_SD,0,0,nan,nan,0,0,False,1
JPLM,ar,2024-07-17T00:19:00,USER_IF_WL_SD,0,0,nan,nan,0,0,False,1
JPLM,ar,2024-07-17T00:19:30,USER_IF_WL_SD,0,0,nan,nan,0,0,False,1
JPLM,ar,2024-07-17T00:20:00,USER_IF_WL_SD,0,0,nan,nan,0,0,False,1
JPLM,ar,2024-07-17T00:20:30,USER_IF_WL_SD,0,0,nan,nan,0,0,False,1
JPLM,ar,2024-07-17T00:21:00,USER_IF_WL_SD,0,0,nan,nan,0,0,False,1
JPLM,ar,2024-07-17T00:21:30,USER_IF_WL_SD,0,0,nan,nan,0,0,False,1
JPLM,ar,2024-07-17T00:22:00,USER_IF_WL_SD,0,0,nan,nan,0,0,False,1
JPLM,ar,2024-07-17T00:22:30,USER_IF_WL_SD,0,0,nan,nan,0,0,False,1
JPLM,ar,2024-07-17T00:23:00,USER_IF_WL_SD,0,0,nan,nan,0,0,False,1
JPLM,ar,2024-07-17T00:23:30,USER_IF_WL_SD,0,0,nan,nan,0,0,False,1
JPLM,ar,2024-07-17T00:24:00,USER_IF_WL_SD,0,0,nan,nan,0,0,False,1
JPLM,ar,2024-07-17T00:24:30,USER_IF_WL_SD,0,0,nan,nan,0,0,False,1
